ds,y,Super Bowl,Valentine's Day,Saint Patrick,Easter,Cinco de Mayo,Mother's Day,Father's Day,Halloween,Thanksgiving Eve,Black Friday,Christmas Eve,Post Christmas,New Year's Eve,Post July 4th,day_of_week,is_weekend,month,quarter,day_of_month,week_of_year,time_index,year,lag_364,lag_364_avg
2024-01-01,23836621.2,0,0,0,0,0,0,0,0,0,0,0,0,0,0,0,0,1,1,1,1,0,2024,0.0,0.0
2024-01-02,21969391.0,0,0,0,0,0,0,0,0,0,0,0,0,0,0,1,0,1,1,2,1,1,2024,0.0,0.0
2024-01-03,20409856.2,0,0,0,0,0,0,0,0,0,0,0,0,0,0,2,0,1,1,3,1,2,2024,0.0,0.0
2024-01-04,21559002.7,0,0,0,0,0,0,0,0,0,0,0,0,0,0,3,0,1,1,4,1,3,2024,0.0,0.0
2024-01-05,23661857.8,0,0,0,0,0,0,0,0,0,0,0,0,0,0,4,0,1,1,5,1,4,2024,0.0,0.0
2024-01-06,25982240.7,0,0,0,0,0,0,0,0,0,0,0,0,0,0,5,1,1,1,6,1,5,2024,0.0,0.0
2024-01-07,24458424.3,0,0,0,0,0,0,0,0,0,0,0,0,0,0,6,1,1,1,7,1,6,2024,0.0,0.0
2024-01-08,19513561.4,0,0,0,0,0,0,0,0,0,0,0,0,0,0,0,0,1,1,8,2,7,2024,0.0,0.0
2024-01-09,19271733.4,0,0,0,0,0,0,0,0,0,0,0,0,0,0,1,0,1,1,9,2,8,2024,0.0,0.0
2024-01-10,19304357.7,0,0,0,0,0,0,0,0,0,0,0,0,0,0,2,0,1,1,10,2,9,2024,0.0,0.0
2024-01-11,20731301.3,0,0,0,0,0,0,0,0,0,0,0,0,0,0,3,0,1,1,11,2,10,2024,0.0,0.0
2024-01-12,23884887.2,0,0,0,0,0,0,0,0,0,0,0,0,0,0,4,0,1,1,12,2,11,2024,0.0,0.0
2024-01-13,26213816.1,0,0,0,0,0,0,0,0,0,0,0,0,0,0,5,1,1,1,13,2,12,2024,0.0,0.0
2024-01-14,25433591.9,0,0,0,0,0,0,0,0,0,0,0,0,0,0,6,1,1,1,14,2,13,2024,0.0,0.0
2024-01-15,22632823.0,0,0,0,0,0,0,0,0,0,0,0,0,0,0,0,0,1,1,15,3,14,2024,0.0,0.0
2024-01-16,19517836.0,0,0,0,0,0,0,0,0,0,0,0,0,0,0,1,0,1,1,16,3,15,2024,0.0,0.0
2024-01-17,19635945.7,0,0,0,0,0,0,0,0,0,0,0,0,0,0,2,0,1,1,17,3,16,2024,0.0,0.0
2024-01-18,20910997.6,0,0,0,0,0,0,0,0,0,0,0,0,0,0,3,0,1,1,18,3,17,2024,0.0,0.0
2024-01-19,23692715.7,0,0,0,0,0,0,0,0,0,0,0,0,0,0,4,0,1,1,19,3,18,2024,0.0,0.0
2024-01-20,27536966.0,0,0,0,0,0,0,0,0,0,0,0,0,0,0,5,1,1,1,20,3,19,2024,0.0,0.0
2024-01-21,27008015.0,0,0,0,0,0,0,0,0,0,0,0,0,0,0,6,1,1,1,21,3,20,2024,0.0,0.0
2024-01-22,20319184.3,0,0,0,0,0,0,0,0,0,0,0,0,0,0,0,0,1,1,22,4,21,2024,0.0,0.0
2024-01-23,18847870.0,0,0,0,0,0,0,0,0,0,0,0,0,0,0,1,0,1,1,23,4,22,2024,0.0,0.0
2024-01-24,19507258.4,0,0,0,0,0,0,0,0,0,0,0,0,0,0,2,0,1,1,24,4,23,2024,0.0,0.0
2024-01-25,21284596.3,0,0,0,0,0,0,0,0,0,0,0,0,0,0,3,0,1,1,25,4,24,2024,0.0,0.0
2024-01-26,23733400.8,0,0,0,0,0,0,0,0,0,0,0,0,0,0,4,0,1,1,26,4,25,2024,0.0,0.0
2024-01-27,27010174.4,0,0,0,0,0,0,0,0,0,0,0,0,0,0,5,1,1,1,27,4,26,2024,0.0,0.0
2024-01-28,26464629.8,0,0,0,0,0,0,0,0,0,0,0,0,0,0,6,1,1,1,28,4,27,2024,0.0,0.0
2024-01-29,19791258.3,0,0,0,0,0,0,0,0,0,0,0,0,0,0,0,0,1,1,29,5,28,2024,0.0,0.0
2024-01-30,18692907.0,0,0,0,0,0,0,0,0,0,0,0,0,0,0,1,0,1,1,30,5,29,2024,0.0,0.0
2024-01-31,20044903.8,0,0,0,0,0,0,0,0,0,0,0,0,0,0,2,0,1,1,31,5,30,2024,0.0,0.0
2024-02-01,22288687.9,0,0,0,0,0,0,0,0,0,0,0,0,0,0,3,0,2,1,1,5,31,2024,0.0,0.0
2024-02-02,24769342.3,0,0,0,0,0,0,0,0,0,0,0,0,0,0,4,0,2,1,2,5,32,2024,0.0,0.0
2024-02-03,27671366.1,0,0,0,0,0,0,0,0,0,0,0,0,0,0,5,1,2,1,3,5,33,2024,0.0,0.0
2024-02-04,26188572.1,0,0,0,0,0,0,0,0,0,0,0,0,0,0,6,1,2,1,4,5,34,2024,0.0,0.0
2024-02-05,20046727.5,0,0,0,0,0,0,0,0,0,0,0,0,0,0,0,0,2,1,5,6,35,2024,0.0,0.0
2024-02-06,18512585.0,0,0,0,0,0,0,0,0,0,0,0,0,0,0,1,0,2,1,6,6,36,2024,0.0,0.0
2024-02-07,19266276.9,0,0,0,0,0,0,0,0,0,0,0,0,0,0,2,0,2,1,7,6,37,2024,0.0,0.0
2024-02-08,20952911.9,0,0,0,0,0,0,0,0,0,0,0,0,0,0,3,0,2,1,8,6,38,2024,0.0,0.0
2024-02-09,23415206.0,0,0,0,0,0,0,0,0,0,0,0,0,0,0,4,0,2,1,9,6,39,2024,0.0,0.0
2024-02-10,26536745.9,0,0,0,0,0,0,0,0,0,0,0,0,0,0,5,1,2,1,10,6,40,2024,0.0,0.0
2024-02-11,25340945.8,1,0,0,0,0,0,0,0,0,0,0,0,0,0,6,1,2,1,11,6,41,2024,0.0,0.0
2024-02-12,19673121.8,0,0,0,0,0,0,0,0,0,0,0,0,0,0,0,0,2,1,12,7,42,2024,0.0,0.0
2024-02-13,18599981.7,0,0,0,0,0,0,0,0,0,0,0,0,0,0,1,0,2,1,13,7,43,2024,0.0,0.0
2024-02-14,21226776.8,0,1,0,0,0,0,0,0,0,0,0,0,0,0,2,0,2,1,14,7,44,2024,0.0,0.0
2024-02-15,23500739.6,0,0,0,0,0,0,0,0,0,0,0,0,0,0,3,0,2,1,15,7,45,2024,0.0,0.0
2024-02-16,25265261.1,0,0,0,0,0,0,0,0,0,0,0,0,0,0,4,0,2,1,16,7,46,2024,0.0,0.0
2024-02-17,28661268.5,0,0,0,0,0,0,0,0,0,0,0,0,0,0,5,1,2,1,17,7,47,2024,0.0,0.0
2024-02-18,27689846.5,0,0,0,0,0,0,0,0,0,0,0,0,0,0,6,1,2,1,18,7,48,2024,0.0,0.0
2024-02-19,23479418.9,0,0,0,0,0,0,0,0,0,0,0,0,0,0,0,0,2,1,19,8,49,2024,0.0,0.0
2024-02-20,19894298.1,0,0,0,0,0,0,0,0,0,0,0,0,0,0,1,0,2,1,20,8,50,2024,0.0,0.0
2024-02-21,20717297.4,0,0,0,0,0,0,0,0,0,0,0,0,0,0,2,0,2,1,21,8,51,2024,0.0,0.0
2024-02-22,24337463.2,0,0,0,0,0,0,0,0,0,0,0,0,0,0,3,0,2,1,22,8,52,2024,0.0,0.0
2024-02-23,27004030.1,0,0,0,0,0,0,0,0,0,0,0,0,0,0,4,0,2,1,23,8,53,2024,0.0,0.0
2024-02-24,30111612.2,0,0,0,0,0,0,0,0,0,0,0,0,0,0,5,1,2,1,24,8,54,2024,0.0,0.0
2024-02-25,28611611.7,0,0,0,0,0,0,0,0,0,0,0,0,0,0,6,1,2,1,25,8,55,2024,0.0,0.0
2024-02-26,21992839.2,0,0,0,0,0,0,0,0,0,0,0,0,0,0,0,0,2,1,26,9,56,2024,0.0,0.0
2024-02-27,21399667.9,0,0,0,0,0,0,0,0,0,0,0,0,0,0,1,0,2,1,27,9,57,2024,0.0,0.0
2024-02-28,23334620.4,0,0,0,0,0,0,0,0,0,0,0,0,0,0,2,0,2,1,28,9,58,2024,0.0,0.0
2024-02-29,25080652.7,0,0,0,0,0,0,0,0,0,0,0,0,0,0,3,0,2,1,29,9,59,2024,0.0,0.0
2024-03-01,28001639.9,0,0,0,0,0,0,0,0,0,0,0,0,0,0,4,0,3,1,1,9,60,2024,0.0,0.0
2024-03-02,31341034.9,0,0,0,0,0,0,0,0,0,0,0,0,0,0,5,1,3,1,2,9,61,2024,0.0,0.0
2024-03-03,28689471.0,0,0,0,0,0,0,0,0,0,0,0,0,0,0,6,1,3,1,3,9,62,2024,0.0,0.0
2024-03-04,22208601.4,0,0,0,0,0,0,0,0,0,0,0,0,0,0,0,0,3,1,4,10,63,2024,0.0,0.0
2024-03-05,22605933.6,0,0,0,0,0,0,0,0,0,0,0,0,0,0,1,0,3,1,5,10,64,2024,0.0,0.0
2024-03-06,22242275.6,0,0,0,0,0,0,0,0,0,0,0,0,0,0,2,0,3,1,6,10,65,2024,0.0,0.0
2024-03-07,23885683.1,0,0,0,0,0,0,0,0,0,0,0,0,0,0,3,0,3,1,7,10,66,2024,0.0,0.0
2024-03-08,26597987.5,0,0,0,0,0,0,0,0,0,0,0,0,0,0,4,0,3,1,8,10,67,2024,0.0,0.0
2024-03-09,29730200.9,0,0,0,0,0,0,0,0,0,0,0,0,0,0,5,1,3,1,9,10,68,2024,0.0,0.0
2024-03-10,28871058.9,0,0,0,0,0,0,0,0,0,0,0,0,0,0,6,1,3,1,10,10,69,2024,0.0,0.0
2024-03-11,22208110.5,0,0,0,0,0,0,0,0,0,0,0,0,0,0,0,0,3,1,11,11,70,2024,0.0,0.0
2024-03-12,20749130.4,0,0,0,0,0,0,0,0,0,0,0,0,0,0,1,0,3,1,12,11,71,2024,0.0,0.0
2024-03-13,21648781.0,0,0,0,0,0,0,0,0,0,0,0,0,0,0,2,0,3,1,13,11,72,2024,0.0,0.0
2024-03-14,23772716.5,0,0,0,0,0,0,0,0,0,0,0,0,0,0,3,0,3,1,14,11,73,2024,0.0,0.0
2024-03-15,26934547.1,0,0,0,0,0,0,0,0,0,0,0,0,0,0,4,0,3,1,15,11,74,2024,0.0,0.0
2024-03-16,28489896.9,0,0,0,0,0,0,0,0,0,0,0,0,0,0,5,1,3,1,16,11,75,2024,0.0,0.0
2024-03-17,28073850.1,0,0,1,0,0,0,0,0,0,0,0,0,0,0,6,1,3,1,17,11,76,2024,0.0,0.0
2024-03-18,22098333.4,0,0,0,0,0,0,0,0,0,0,0,0,0,0,0,0,3,1,18,12,77,2024,0.0,0.0
2024-03-19,20515173.5,0,0,0,0,0,0,0,0,0,0,0,0,0,0,1,0,3,1,19,12,78,2024,0.0,0.0
2024-03-20,21476370.6,0,0,0,0,0,0,0,0,0,0,0,0,0,0,2,0,3,1,20,12,79,2024,0.0,0.0
2024-03-21,23938552.0,0,0,0,0,0,0,0,0,0,0,0,0,0,0,3,0,3,1,21,12,80,2024,0.0,0.0
2024-03-22,27456116.0,0,0,0,0,0,0,0,0,0,0,0,0,0,0,4,0,3,1,22,12,81,2024,0.0,0.0
2024-03-23,29823633.3,0,0,0,0,0,0,0,0,0,0,0,0,0,0,5,1,3,1,23,12,82,2024,0.0,0.0
2024-03-24,28064615.1,0,0,0,0,0,0,0,0,0,0,0,0,0,0,6,1,3,1,24,12,83,2024,0.0,0.0
2024-03-25,22228207.3,0,0,0,0,0,0,0,0,0,0,0,0,0,0,0,0,3,1,25,13,84,2024,0.0,0.0
2024-03-26,21356726.3,0,0,0,0,0,0,0,0,0,0,0,0,0,0,1,0,3,1,26,13,85,2024,0.0,0.0
2024-03-27,22395464.9,0,0,0,0,0,0,0,0,0,0,0,0,0,0,2,0,3,1,27,13,86,2024,0.0,0.0
2024-03-28,24618706.8,0,0,0,0,0,0,0,0,0,0,0,0,0,0,3,0,3,1,28,13,87,2024,0.0,0.0
2024-03-29,27423287.2,0,0,0,1,0,0,0,0,0,0,0,0,0,0,4,0,3,1,29,13,88,2024,0.0,0.0
2024-03-30,27304212.7,0,0,0,1,0,0,0,0,0,0,0,0,0,0,5,1,3,1,30,13,89,2024,0.0,0.0
2024-03-31,22695650.3,0,0,0,1,0,0,0,0,0,0,0,0,0,0,6,1,3,1,31,13,90,2024,0.0,0.0
2024-04-01,21895649.9,0,0,0,0,0,0,0,0,0,0,0,0,0,0,0,0,4,2,1,14,91,2024,0.0,0.0
2024-04-02,21698593.2,0,0,0,0,0,0,0,0,0,0,0,0,0,0,1,0,4,2,2,14,92,2024,0.0,0.0
2024-04-03,22746213.1,0,0,0,0,0,0,0,0,0,0,0,0,0,0,2,0,4,2,3,14,93,2024,0.0,0.0
2024-04-04,23794234.4,0,0,0,0,0,0,0,0,0,0,0,0,0,0,3,0,4,2,4,14,94,2024,0.0,0.0
2024-04-05,26416232.9,0,0,0,0,0,0,0,0,0,0,0,0,0,0,4,0,4,2,5,14,95,2024,0.0,0.0
2024-04-06,28583166.9,0,0,0,0,0,0,0,0,0,0,0,0,0,0,5,1,4,2,6,14,96,2024,0.0,0.0
2024-04-07,27184981.8,0,0,0,0,0,0,0,0,0,0,0,0,0,0,6,1,4,2,7,14,97,2024,0.0,0.0
2024-04-08,21669024.0,0,0,0,0,0,0,0,0,0,0,0,0,0,0,0,0,4,2,8,15,98,2024,0.0,0.0
2024-04-09,20003101.1,0,0,0,0,0,0,0,0,0,0,0,0,0,0,1,0,4,2,9,15,99,2024,0.0,0.0
2024-04-10,21071051.2,0,0,0,0,0,0,0,0,0,0,0,0,0,0,2,0,4,2,10,15,100,2024,0.0,0.0
2024-04-11,22814337.2,0,0,0,0,0,0,0,0,0,0,0,0,0,0,3,0,4,2,11,15,101,2024,0.0,0.0
2024-04-12,25309099.1,0,0,0,0,0,0,0,0,0,0,0,0,0,0,4,0,4,2,12,15,102,2024,0.0,0.0
2024-04-13,27564613.5,0,0,0,0,0,0,0,0,0,0,0,0,0,0,5,1,4,2,13,15,103,2024,0.0,0.0
2024-04-14,26643650.5,0,0,0,0,0,0,0,0,0,0,0,0,0,0,6,1,4,2,14,15,104,2024,0.0,0.0
2024-04-15,20657557.2,0,0,0,0,0,0,0,0,0,0,0,0,0,0,0,0,4,2,15,16,105,2024,0.0,0.0
2024-04-16,19660278.3,0,0,0,0,0,0,0,0,0,0,0,0,0,0,1,0,4,2,16,16,106,2024,0.0,0.0
2024-04-17,20702340.1,0,0,0,0,0,0,0,0,0,0,0,0,0,0,2,0,4,2,17,16,107,2024,0.0,0.0
2024-04-18,22444082.9,0,0,0,0,0,0,0,0,0,0,0,0,0,0,3,0,4,2,18,16,108,2024,0.0,0.0
2024-04-19,25444603.0,0,0,0,0,0,0,0,0,0,0,0,0,0,0,4,0,4,2,19,16,109,2024,0.0,0.0
2024-04-20,28217522.0,0,0,0,0,0,0,0,0,0,0,0,0,0,0,5,1,4,2,20,16,110,2024,0.0,0.0
2024-04-21,27679468.1,0,0,0,0,0,0,0,0,0,0,0,0,0,0,6,1,4,2,21,16,111,2024,0.0,0.0
2024-04-22,20738436.0,0,0,0,0,0,0,0,0,0,0,0,0,0,0,0,0,4,2,22,17,112,2024,0.0,0.0
2024-04-23,19777278.2,0,0,0,0,0,0,0,0,0,0,0,0,0,0,1,0,4,2,23,17,113,2024,0.0,0.0
2024-04-24,20892038.4,0,0,0,0,0,0,0,0,0,0,0,0,0,0,2,0,4,2,24,17,114,2024,0.0,0.0
2024-04-25,23120489.0,0,0,0,0,0,0,0,0,0,0,0,0,0,0,3,0,4,2,25,17,115,2024,0.0,0.0
2024-04-26,26164833.4,0,0,0,0,0,0,0,0,0,0,0,0,0,0,4,0,4,2,26,17,116,2024,0.0,0.0
2024-04-27,28511629.4,0,0,0,0,0,0,0,0,0,0,0,0,0,0,5,1,4,2,27,17,117,2024,0.0,0.0
2024-04-28,26974668.4,0,0,0,0,0,0,0,0,0,0,0,0,0,0,6,1,4,2,28,17,118,2024,0.0,0.0
2024-04-29,20939042.4,0,0,0,0,0,0,0,0,0,0,0,0,0,0,0,0,4,2,29,18,119,2024,0.0,0.0
2024-04-30,20316571.3,0,0,0,0,0,0,0,0,0,0,0,0,0,0,1,0,4,2,30,18,120,2024,0.0,0.0
2024-05-01,21510894.4,0,0,0,0,0,0,0,0,0,0,0,0,0,0,2,0,5,2,1,18,121,2024,0.0,0.0
2024-05-02,23207448.5,0,0,0,0,0,0,0,0,0,0,0,0,0,0,3,0,5,2,2,18,122,2024,0.0,0.0
2024-05-03,25856789.7,0,0,0,0,0,0,0,0,0,0,0,0,0,0,4,0,5,2,3,18,123,2024,0.0,0.0
2024-05-04,28543839.3,0,0,0,0,0,0,0,0,0,0,0,0,0,0,5,1,5,2,4,18,124,2024,0.0,0.0
2024-05-05,27305280.7,0,0,0,0,1,0,0,0,0,0,0,0,0,0,6,1,5,2,5,18,125,2024,0.0,0.0
2024-05-06,20766826.6,0,0,0,0,0,0,0,0,0,0,0,0,0,0,0,0,5,2,6,19,126,2024,0.0,0.0
2024-05-07,19672706.1,0,0,0,0,0,0,0,0,0,0,0,0,0,0,1,0,5,2,7,19,127,2024,0.0,0.0
2024-05-08,20566361.1,0,0,0,0,0,0,0,0,0,0,0,0,0,0,2,0,5,2,8,19,128,2024,0.0,0.0
2024-05-09,22436679.1,0,0,0,0,0,0,0,0,0,0,0,0,0,0,3,0,5,2,9,19,129,2024,0.0,0.0
2024-05-10,24679135.0,0,0,0,0,0,0,0,0,0,0,0,0,0,0,4,0,5,2,10,19,130,2024,0.0,0.0
2024-05-11,26563989.3,0,0,0,0,0,0,0,0,0,0,0,0,0,0,5,1,5,2,11,19,131,2024,0.0,0.0
2024-05-12,26018442.4,0,0,0,0,0,1,0,0,0,0,0,0,0,0,6,1,5,2,12,19,132,2024,0.0,0.0
2024-05-13,20640686.4,0,0,0,0,0,0,0,0,0,0,0,0,0,0,0,0,5,2,13,20,133,2024,0.0,0.0
2024-05-14,19668598.3,0,0,0,0,0,0,0,0,0,0,0,0,0,0,1,0,5,2,14,20,134,2024,0.0,0.0
2024-05-15,20585990.2,0,0,0,0,0,0,0,0,0,0,0,0,0,0,2,0,5,2,15,20,135,2024,0.0,0.0
2024-05-16,22261779.2,0,0,0,0,0,0,0,0,0,0,0,0,0,0,3,0,5,2,16,20,136,2024,0.0,0.0
2024-05-17,24593496.0,0,0,0,0,0,0,0,0,0,0,0,0,0,0,4,0,5,2,17,20,137,2024,0.0,0.0
2024-05-18,26727084.7,0,0,0,0,0,0,0,0,0,0,0,0,0,0,5,1,5,2,18,20,138,2024,0.0,0.0
2024-05-19,25528819.2,0,0,0,0,0,0,0,0,0,0,0,0,0,0,6,1,5,2,19,20,139,2024,0.0,0.0
2024-05-20,20470463.2,0,0,0,0,0,0,0,0,0,0,0,0,0,0,0,0,5,2,20,21,140,2024,0.0,0.0
2024-05-21,19629564.1,0,0,0,0,0,0,0,0,0,0,0,0,0,0,1,0,5,2,21,21,141,2024,0.0,0.0
2024-05-22,20706841.9,0,0,0,0,0,0,0,0,0,0,0,0,0,0,2,0,5,2,22,21,142,2024,0.0,0.0
2024-05-23,22912154.4,0,0,0,0,0,0,0,0,0,0,0,0,0,0,3,0,5,2,23,21,143,2024,0.0,0.0
2024-05-24,25630686.0,0,0,0,0,0,0,0,0,0,0,0,0,0,0,4,0,5,2,24,21,144,2024,0.0,0.0
2024-05-25,25522882.6,0,0,0,0,0,0,0,0,0,0,0,0,0,0,5,1,5,2,25,21,145,2024,0.0,0.0
2024-05-26,23887752.8,0,0,0,0,0,0,0,0,0,0,0,0,0,0,6,1,5,2,26,21,146,2024,0.0,0.0
2024-05-27,23191461.0,0,0,0,0,0,0,0,0,0,0,0,0,0,0,0,0,5,2,27,22,147,2024,0.0,0.0
2024-05-28,19614220.2,0,0,0,0,0,0,0,0,0,0,0,0,0,0,1,0,5,2,28,22,148,2024,0.0,0.0
2024-05-29,19917324.4,0,0,0,0,0,0,0,0,0,0,0,0,0,0,2,0,5,2,29,22,149,2024,0.0,0.0
2024-05-30,22085896.8,0,0,0,0,0,0,0,0,0,0,0,0,0,0,3,0,5,2,30,22,150,2024,0.0,0.0
2024-05-31,24931526.0,0,0,0,0,0,0,0,0,0,0,0,0,0,0,4,0,5,2,31,22,151,2024,0.0,0.0
2024-06-01,26078099.6,0,0,0,0,0,0,0,0,0,0,0,0,0,0,5,1,6,2,1,22,152,2024,0.0,0.0
2024-06-02,24842199.0,0,0,0,0,0,0,0,0,0,0,0,0,0,0,6,1,6,2,2,22,153,2024,0.0,0.0
2024-06-03,20731483.9,0,0,0,0,0,0,0,0,0,0,0,0,0,0,0,0,6,2,3,23,154,2024,0.0,0.0
2024-06-04,19900367.4,0,0,0,0,0,0,0,0,0,0,0,0,0,0,1,0,6,2,4,23,155,2024,0.0,0.0
2024-06-05,20845781.0,0,0,0,0,0,0,0,0,0,0,0,0,0,0,2,0,6,2,5,23,156,2024,0.0,0.0
2024-06-06,22586533.1,0,0,0,0,0,0,0,0,0,0,0,0,0,0,3,0,6,2,6,23,157,2024,0.0,0.0
2024-06-07,24685043.9,0,0,0,0,0,0,0,0,0,0,0,0,0,0,4,0,6,2,7,23,158,2024,0.0,0.0
2024-06-08,24897465.7,0,0,0,0,0,0,0,0,0,0,0,0,0,0,5,1,6,2,8,23,159,2024,0.0,0.0
2024-06-09,24027615.1,0,0,0,0,0,0,0,0,0,0,0,0,0,0,6,1,6,2,9,23,160,2024,0.0,0.0
2024-06-10,20440234.3,0,0,0,0,0,0,0,0,0,0,0,0,0,0,0,0,6,2,10,24,161,2024,0.0,0.0
2024-06-11,19484520.2,0,0,0,0,0,0,0,0,0,0,0,0,0,0,1,0,6,2,11,24,162,2024,0.0,0.0
2024-06-12,20267079.2,0,0,0,0,0,0,0,0,0,0,0,0,0,0,2,0,6,2,12,24,163,2024,0.0,0.0
2024-06-13,22652447.9,0,0,0,0,0,0,0,0,0,0,0,0,0,0,3,0,6,2,13,24,164,2024,0.0,0.0
2024-06-14,24915924.0,0,0,0,0,0,0,0,0,0,0,0,0,0,0,4,0,6,2,14,24,165,2024,0.0,0.0
2024-06-15,24909131.7,0,0,0,0,0,0,1,0,0,0,0,0,0,0,5,1,6,2,15,24,166,2024,0.0,0.0
2024-06-16,23714832.4,0,0,0,0,0,0,1,0,0,0,0,0,0,0,6,1,6,2,16,24,167,2024,0.0,0.0
2024-06-17,20692110.7,0,0,0,0,0,0,0,0,0,0,0,0,0,0,0,0,6,2,17,25,168,2024,0.0,0.0
2024-06-18,20357247.4,0,0,0,0,0,0,0,0,0,0,0,0,0,0,1,0,6,2,18,25,169,2024,0.0,0.0
2024-06-19,21215657.4,0,0,0,0,0,0,0,0,0,0,0,0,0,0,2,0,6,2,19,25,170,2024,0.0,0.0
2024-06-20,21799491.5,0,0,0,0,0,0,0,0,0,0,0,0,0,0,3,0,6,2,20,25,171,2024,0.0,0.0
2024-06-21,24611935.0,0,0,0,0,0,0,0,0,0,0,0,0,0,0,4,0,6,2,21,25,172,2024,0.0,0.0
2024-06-22,25259133.3,0,0,0,0,0,0,0,0,0,0,0,0,0,0,5,1,6,2,22,25,173,2024,0.0,0.0
2024-06-23,24208467.9,0,0,0,0,0,0,0,0,0,0,0,0,0,0,6,1,6,2,23,25,174,2024,0.0,0.0
2024-06-24,20685608.2,0,0,0,0,0,0,0,0,0,0,0,0,0,0,0,0,6,2,24,26,175,2024,0.0,0.0
2024-06-25,20046821.5,0,0,0,0,0,0,0,0,0,0,0,0,0,0,1,0,6,2,25,26,176,2024,0.0,0.0
2024-06-26,20913764.7,0,0,0,0,0,0,0,0,0,0,0,0,0,0,2,0,6,2,26,26,177,2024,0.0,0.0
2024-06-27,22709418.4,0,0,0,0,0,0,0,0,0,0,0,0,0,0,3,0,6,2,27,26,178,2024,0.0,0.0
2024-06-28,24945448.0,0,0,0,0,0,0,0,0,0,0,0,0,0,0,4,0,6,2,28,26,179,2024,0.0,0.0
2024-06-29,25357898.4,0,0,0,0,0,0,0,0,0,0,0,0,0,0,5,1,6,2,29,26,180,2024,0.0,0.0
2024-06-30,24252659.8,0,0,0,0,0,0,0,0,0,0,0,0,0,0,6,1,6,2,30,26,181,2024,0.0,0.0
2024-07-01,20982807.6,0,0,0,0,0,0,0,0,0,0,0,0,0,0,0,0,7,3,1,27,182,2024,0.0,0.0
2024-07-02,19757765.8,0,0,0,0,0,0,0,0,0,0,0,0,0,0,1,0,7,3,2,27,183,2024,0.0,0.0
2024-07-03,21242045.0,0,0,0,0,0,0,0,0,0,0,0,0,0,0,2,0,7,3,3,27,184,2024,0.0,0.0
2024-07-04,21394696.6,0,0,0,0,0,0,0,0,0,0,0,0,0,0,3,0,7,3,4,27,185,2024,0.0,0.0
2024-07-05,22302560.7,0,0,0,0,0,0,0,0,0,0,0,0,0,0,4,0,7,3,5,27,186,2024,0.0,0.0
2024-07-06,22209354.4,0,0,0,0,0,0,0,0,0,0,0,0,0,0,5,1,7,3,6,27,187,2024,0.0,0.0
2024-07-07,22210121.3,0,0,0,0,0,0,0,0,0,0,0,0,0,0,6,1,7,3,7,27,188,2024,0.0,0.0
2024-07-08,19424674.9,0,0,0,0,0,0,0,0,0,0,0,0,0,0,0,0,7,3,8,28,189,2024,0.0,0.0
2024-07-09,18758821.0,0,0,0,0,0,0,0,0,0,0,0,0,0,0,1,0,7,3,9,28,190,2024,0.0,0.0
2024-07-10,19640853.8,0,0,0,0,0,0,0,0,0,0,0,0,0,0,2,0,7,3,10,28,191,2024,0.0,0.0
2024-07-11,21263694.1,0,0,0,0,0,0,0,0,0,0,0,0,0,0,3,0,7,3,11,28,192,2024,0.0,0.0
2024-07-12,23646604.3,0,0,0,0,0,0,0,0,0,0,0,0,0,0,4,0,7,3,12,28,193,2024,0.0,0.0
2024-07-13,24394446.2,0,0,0,0,0,0,0,0,0,0,0,0,0,0,5,1,7,3,13,28,194,2024,0.0,0.0
2024-07-14,23921353.9,0,0,0,0,0,0,0,0,0,0,0,0,0,0,6,1,7,3,14,28,195,2024,0.0,0.0
2024-07-15,20599276.1,0,0,0,0,0,0,0,0,0,0,0,0,0,0,0,0,7,3,15,29,196,2024,0.0,0.0
2024-07-16,19684447.6,0,0,0,0,0,0,0,0,0,0,0,0,0,0,1,0,7,3,16,29,197,2024,0.0,0.0
2024-07-17,20355139.2,0,0,0,0,0,0,0,0,0,0,0,0,0,0,2,0,7,3,17,29,198,2024,0.0,0.0
2024-07-18,21844438.6,0,0,0,0,0,0,0,0,0,0,0,0,0,0,3,0,7,3,18,29,199,2024,0.0,0.0
2024-07-19,23528074.7,0,0,0,0,0,0,0,0,0,0,0,0,0,0,4,0,7,3,19,29,200,2024,0.0,0.0
2024-07-20,24415962.4,0,0,0,0,0,0,0,0,0,0,0,0,0,0,5,1,7,3,20,29,201,2024,0.0,0.0
2024-07-21,23599127.8,0,0,0,0,0,0,0,0,0,0,0,0,0,0,6,1,7,3,21,29,202,2024,0.0,0.0
2024-07-22,20372547.2,0,0,0,0,0,0,0,0,0,0,0,0,0,0,0,0,7,3,22,30,203,2024,0.0,0.0
2024-07-23,19398705.9,0,0,0,0,0,0,0,0,0,0,0,0,0,0,1,0,7,3,23,30,204,2024,0.0,0.0
2024-07-24,20138794.9,0,0,0,0,0,0,0,0,0,0,0,0,0,0,2,0,7,3,24,30,205,2024,0.0,0.0
2024-07-25,21998968.4,0,0,0,0,0,0,0,0,0,0,0,0,0,0,3,0,7,3,25,30,206,2024,0.0,0.0
2024-07-26,24030564.1,0,0,0,0,0,0,0,0,0,0,0,0,0,0,4,0,7,3,26,30,207,2024,0.0,0.0
2024-07-27,24471187.4,0,0,0,0,0,0,0,0,0,0,0,0,0,0,5,1,7,3,27,30,208,2024,0.0,0.0
2024-07-28,23723574.4,0,0,0,0,0,0,0,0,0,0,0,0,0,0,6,1,7,3,28,30,209,2024,0.0,0.0
2024-07-29,20475327.2,0,0,0,0,0,0,0,0,0,0,0,0,0,0,0,0,7,3,29,31,210,2024,0.0,0.0
2024-07-30,19904400.0,0,0,0,0,0,0,0,0,0,0,0,0,0,0,1,0,7,3,30,31,211,2024,0.0,0.0
2024-07-31,21123373.1,0,0,0,0,0,0,0,0,0,0,0,0,0,0,2,0,7,3,31,31,212,2024,0.0,0.0
2024-08-01,23442684.7,0,0,0,0,0,0,0,0,0,0,0,0,0,0,3,0,8,3,1,31,213,2024,0.0,0.0
2024-08-02,25594396.8,0,0,0,0,0,0,0,0,0,0,0,0,0,0,4,0,8,3,2,31,214,2024,0.0,0.0
2024-08-03,25784424.9,0,0,0,0,0,0,0,0,0,0,0,0,0,0,5,1,8,3,3,31,215,2024,0.0,0.0
2024-08-04,24466823.2,0,0,0,0,0,0,0,0,0,0,0,0,0,0,6,1,8,3,4,31,216,2024,0.0,0.0
2024-08-05,20646196.6,0,0,0,0,0,0,0,0,0,0,0,0,0,0,0,0,8,3,5,32,217,2024,0.0,0.0
2024-08-06,19622564.2,0,0,0,0,0,0,0,0,0,0,0,0,0,0,1,0,8,3,6,32,218,2024,0.0,0.0
2024-08-07,19988447.0,0,0,0,0,0,0,0,0,0,0,0,0,0,0,2,0,8,3,7,32,219,2024,0.0,0.0
2024-08-08,21774641.7,0,0,0,0,0,0,0,0,0,0,0,0,0,0,3,0,8,3,8,32,220,2024,0.0,0.0
2024-08-09,23828439.9,0,0,0,0,0,0,0,0,0,0,0,0,0,0,4,0,8,3,9,32,221,2024,0.0,0.0
2024-08-10,24369083.3,0,0,0,0,0,0,0,0,0,0,0,0,0,0,5,1,8,3,10,32,222,2024,0.0,0.0
2024-08-11,23141193.9,0,0,0,0,0,0,0,0,0,0,0,0,0,0,6,1,8,3,11,32,223,2024,0.0,0.0
2024-08-12,19242637.2,0,0,0,0,0,0,0,0,0,0,0,0,0,0,0,0,8,3,12,33,224,2024,0.0,0.0
2024-08-13,18629564.4,0,0,0,0,0,0,0,0,0,0,0,0,0,0,1,0,8,3,13,33,225,2024,0.0,0.0
2024-08-14,19433279.2,0,0,0,0,0,0,0,0,0,0,0,0,0,0,2,0,8,3,14,33,226,2024,0.0,0.0
2024-08-15,21326099.2,0,0,0,0,0,0,0,0,0,0,0,0,0,0,3,0,8,3,15,33,227,2024,0.0,0.0
2024-08-16,23590645.0,0,0,0,0,0,0,0,0,0,0,0,0,0,0,4,0,8,3,16,33,228,2024,0.0,0.0
2024-08-17,25417694.2,0,0,0,0,0,0,0,0,0,0,0,0,0,0,5,1,8,3,17,33,229,2024,0.0,0.0
2024-08-18,24150612.9,0,0,0,0,0,0,0,0,0,0,0,0,0,0,6,1,8,3,18,33,230,2024,0.0,0.0
2024-08-19,19145060.9,0,0,0,0,0,0,0,0,0,0,0,0,0,0,0,0,8,3,19,34,231,2024,0.0,0.0
2024-08-20,18464311.4,0,0,0,0,0,0,0,0,0,0,0,0,0,0,1,0,8,3,20,34,232,2024,0.0,0.0
2024-08-21,19080534.0,0,0,0,0,0,0,0,0,0,0,0,0,0,0,2,0,8,3,21,34,233,2024,0.0,0.0
2024-08-22,20959236.9,0,0,0,0,0,0,0,0,0,0,0,0,0,0,3,0,8,3,22,34,234,2024,0.0,0.0
2024-08-23,23559232.7,0,0,0,0,0,0,0,0,0,0,0,0,0,0,4,0,8,3,23,34,235,2024,0.0,0.0
2024-08-24,25669962.7,0,0,0,0,0,0,0,0,0,0,0,0,0,0,5,1,8,3,24,34,236,2024,0.0,0.0
2024-08-25,24514831.0,0,0,0,0,0,0,0,0,0,0,0,0,0,0,6,1,8,3,25,34,237,2024,0.0,0.0
2024-08-26,19278148.2,0,0,0,0,0,0,0,0,0,0,0,0,0,0,0,0,8,3,26,35,238,2024,0.0,0.0
2024-08-27,18745263.3,0,0,0,0,0,0,0,0,0,0,0,0,0,0,1,0,8,3,27,35,239,2024,0.0,0.0
2024-08-28,19835071.9,0,0,0,0,0,0,0,0,0,0,0,0,0,0,2,0,8,3,28,35,240,2024,0.0,0.0
2024-08-29,22035790.1,0,0,0,0,0,0,0,0,0,0,0,0,0,0,3,0,8,3,29,35,241,2024,0.0,0.0
2024-08-30,25524065.9,0,0,0,0,0,0,0,0,0,0,0,0,0,0,4,0,8,3,30,35,242,2024,0.0,0.0
2024-08-31,27213245.9,0,0,0,0,0,0,0,0,0,0,0,0,0,0,5,1,8,3,31,35,243,2024,0.0,0.0
2024-09-01,25041242.3,0,0,0,0,0,0,0,0,0,0,0,0,0,0,6,1,9,3,1,35,244,2024,0.0,0.0
2024-09-02,23314724.4,0,0,0,0,0,0,0,0,0,0,0,0,0,0,0,0,9,3,2,36,245,2024,0.0,0.0
2024-09-03,18490399.5,0,0,0,0,0,0,0,0,0,0,0,0,0,0,1,0,9,3,3,36,246,2024,0.0,0.0
2024-09-04,18318563.9,0,0,0,0,0,0,0,0,0,0,0,0,0,0,2,0,9,3,4,36,247,2024,0.0,0.0
2024-09-05,20399755.8,0,0,0,0,0,0,0,0,0,0,0,0,0,0,3,0,9,3,5,36,248,2024,0.0,0.0
2024-09-06,23763197.0,0,0,0,0,0,0,0,0,0,0,0,0,0,0,4,0,9,3,6,36,249,2024,0.0,0.0
2024-09-07,26164493.9,0,0,0,0,0,0,0,0,0,0,0,0,0,0,5,1,9,3,7,36,250,2024,0.0,0.0
2024-09-08,25522789.5,0,0,0,0,0,0,0,0,0,0,0,0,0,0,6,1,9,3,8,36,251,2024,0.0,0.0
2024-09-09,18829408.0,0,0,0,0,0,0,0,0,0,0,0,0,0,0,0,0,9,3,9,37,252,2024,0.0,0.0
2024-09-10,18337442.7,0,0,0,0,0,0,0,0,0,0,0,0,0,0,1,0,9,3,10,37,253,2024,0.0,0.0
2024-09-11,19269711.0,0,0,0,0,0,0,0,0,0,0,0,0,0,0,2,0,9,3,11,37,254,2024,0.0,0.0
2024-09-12,21228858.4,0,0,0,0,0,0,0,0,0,0,0,0,0,0,3,0,9,3,12,37,255,2024,0.0,0.0
2024-09-13,24484826.3,0,0,0,0,0,0,0,0,0,0,0,0,0,0,4,0,9,3,13,37,256,2024,0.0,0.0
2024-09-14,27163012.0,0,0,0,0,0,0,0,0,0,0,0,0,0,0,5,1,9,3,14,37,257,2024,0.0,0.0
2024-09-15,26780846.9,0,0,0,0,0,0,0,0,0,0,0,0,0,0,6,1,9,3,15,37,258,2024,0.0,0.0
2024-09-16,19679806.4,0,0,0,0,0,0,0,0,0,0,0,0,0,0,0,0,9,3,16,38,259,2024,0.0,0.0
2024-09-17,18656539.0,0,0,0,0,0,0,0,0,0,0,0,0,0,0,1,0,9,3,17,38,260,2024,0.0,0.0
2024-09-18,19484075.9,0,0,0,0,0,0,0,0,0,0,0,0,0,0,2,0,9,3,18,38,261,2024,0.0,0.0
2024-09-19,21308639.8,0,0,0,0,0,0,0,0,0,0,0,0,0,0,3,0,9,3,19,38,262,2024,0.0,0.0
2024-09-20,24390669.4,0,0,0,0,0,0,0,0,0,0,0,0,0,0,4,0,9,3,20,38,263,2024,0.0,0.0
2024-09-21,27072358.5,0,0,0,0,0,0,0,0,0,0,0,0,0,0,5,1,9,3,21,38,264,2024,0.0,0.0
2024-09-22,26512491.7,0,0,0,0,0,0,0,0,0,0,0,0,0,0,6,1,9,3,22,38,265,2024,0.0,0.0
2024-09-23,19579445.6,0,0,0,0,0,0,0,0,0,0,0,0,0,0,0,0,9,3,23,39,266,2024,0.0,0.0
2024-09-24,18820331.3,0,0,0,0,0,0,0,0,0,0,0,0,0,0,1,0,9,3,24,39,267,2024,0.0,0.0
2024-09-25,20024683.3,0,0,0,0,0,0,0,0,0,0,0,0,0,0,2,0,9,3,25,39,268,2024,0.0,0.0
2024-09-26,22129456.5,0,0,0,0,0,0,0,0,0,0,0,0,0,0,3,0,9,3,26,39,269,2024,0.0,0.0
2024-09-27,24573864.8,0,0,0,0,0,0,0,0,0,0,0,0,0,0,4,0,9,3,27,39,270,2024,0.0,0.0
2024-09-28,26994370.5,0,0,0,0,0,0,0,0,0,0,0,0,0,0,5,1,9,3,28,39,271,2024,0.0,0.0
2024-09-29,26760370.8,0,0,0,0,0,0,0,0,0,0,0,0,0,0,6,1,9,3,29,39,272,2024,0.0,0.0
2024-09-30,19784071.5,0,0,0,0,0,0,0,0,0,0,0,0,0,0,0,0,9,3,30,40,273,2024,0.0,0.0
2024-10-01,19528255.6,0,0,0,0,0,0,0,0,0,0,0,0,0,0,1,0,10,4,1,40,274,2024,0.0,0.0
2024-10-02,20036604.1,0,0,0,0,0,0,0,0,0,0,0,0,0,0,2,0,10,4,2,40,275,2024,0.0,0.0
2024-10-03,22210734.8,0,0,0,0,0,0,0,0,0,0,0,0,0,0,3,0,10,4,3,40,276,2024,0.0,0.0
2024-10-04,24833333.8,0,0,0,0,0,0,0,0,0,0,0,0,0,0,4,0,10,4,4,40,277,2024,0.0,0.0
2024-10-05,27015288.1,0,0,0,0,0,0,0,0,0,0,0,0,0,0,5,1,10,4,5,40,278,2024,0.0,0.0
2024-10-06,26338973.6,0,0,0,0,0,0,0,0,0,0,0,0,0,0,6,1,10,4,6,40,279,2024,0.0,0.0
2024-10-07,19798443.7,0,0,0,0,0,0,0,0,0,0,0,0,0,0,0,0,10,4,7,41,280,2024,0.0,0.0
2024-10-08,18818486.7,0,0,0,0,0,0,0,0,0,0,0,0,0,0,1,0,10,4,8,41,281,2024,0.0,0.0
2024-10-09,19234631.5,0,0,0,0,0,0,0,0,0,0,0,0,0,0,2,0,10,4,9,41,282,2024,0.0,0.0
2024-10-10,21147759.2,0,0,0,0,0,0,0,0,0,0,0,0,0,0,3,0,10,4,10,41,283,2024,0.0,0.0
2024-10-11,24665534.1,0,0,0,0,0,0,0,0,0,0,0,0,0,0,4,0,10,4,11,41,284,2024,0.0,0.0
2024-10-12,26870026.1,0,0,0,0,0,0,0,0,0,0,0,0,0,0,5,1,10,4,12,41,285,2024,0.0,0.0
2024-10-13,26471038.7,0,0,0,0,0,0,0,0,0,0,0,0,0,0,6,1,10,4,13,41,286,2024,0.0,0.0
2024-10-14,21527739.2,0,0,0,0,0,0,0,0,0,0,0,0,0,0,0,0,10,4,14,42,287,2024,0.0,0.0
2024-10-15,19106282.8,0,0,0,0,0,0,0,0,0,0,0,0,0,0,1,0,10,4,15,42,288,2024,0.0,0.0
2024-10-16,19937404.9,0,0,0,0,0,0,0,0,0,0,0,0,0,0,2,0,10,4,16,42,289,2024,0.0,0.0
2024-10-17,22063841.1,0,0,0,0,0,0,0,0,0,0,0,0,0,0,3,0,10,4,17,42,290,2024,0.0,0.0
2024-10-18,24989266.3,0,0,0,0,0,0,0,0,0,0,0,0,0,0,4,0,10,4,18,42,291,2024,0.0,0.0
2024-10-19,27481714.5,0,0,0,0,0,0,0,0,0,0,0,0,0,0,5,1,10,4,19,42,292,2024,0.0,0.0
2024-10-20,26970817.2,0,0,0,0,0,0,0,0,0,0,0,0,0,0,6,1,10,4,20,42,293,2024,0.0,0.0
2024-10-21,20372391.8,0,0,0,0,0,0,0,0,0,0,0,0,0,0,0,0,10,4,21,43,294,2024,0.0,0.0
2024-10-22,18982348.2,0,0,0,0,0,0,0,0,0,0,0,0,0,0,1,0,10,4,22,43,295,2024,0.0,0.0
2024-10-23,19941447.8,0,0,0,0,0,0,0,0,0,0,0,0,0,0,2,0,10,4,23,43,296,2024,0.0,0.0
2024-10-24,21745963.9,0,0,0,0,0,0,0,0,0,0,0,0,0,0,3,0,10,4,24,43,297,2024,0.0,0.0
2024-10-25,24783127.7,0,0,0,0,0,0,0,0,0,0,0,0,0,0,4,0,10,4,25,43,298,2024,0.0,0.0
2024-10-26,27524289.0,0,0,0,0,0,0,0,0,0,0,0,0,0,0,5,1,10,4,26,43,299,2024,0.0,0.0
2024-10-27,27140255.7,0,0,0,0,0,0,0,0,0,0,0,0,0,0,6,1,10,4,27,43,300,2024,0.0,0.0
2024-10-28,19884098.1,0,0,0,0,0,0,0,0,0,0,0,0,0,0,0,0,10,4,28,44,301,2024,0.0,0.0
2024-10-29,18992639.5,0,0,0,0,0,0,0,0,0,0,0,0,0,0,1,0,10,4,29,44,302,2024,0.0,0.0
2024-10-30,19915411.9,0,0,0,0,0,0,0,0,0,0,0,0,0,0,2,0,10,4,30,44,303,2024,0.0,0.0
2024-10-31,22045804.8,0,0,0,0,0,0,0,1,0,0,0,0,0,0,3,0,10,4,31,44,304,2024,0.0,0.0
2024-11-01,27241740.5,0,0,0,0,0,0,0,1,0,0,0,0,0,0,4,0,11,4,1,44,305,2024,0.0,0.0
2024-11-02,28647227.5,0,0,0,0,0,0,0,0,0,0,0,0,0,0,5,1,11,4,2,44,306,2024,0.0,0.0
2024-11-03,26610037.4,0,0,0,0,0,0,0,0,0,0,0,0,0,0,6,1,11,4,3,44,307,2024,0.0,0.0
2024-11-04,20008841.2,0,0,0,0,0,0,0,0,0,0,0,0,0,0,0,0,11,4,4,45,308,2024,0.0,0.0
2024-11-05,20327052.6,0,0,0,0,0,0,0,0,0,0,0,0,0,0,1,0,11,4,5,45,309,2024,0.0,0.0
2024-11-06,21307649.4,0,0,0,0,0,0,0,0,0,0,0,0,0,0,2,0,11,4,6,45,310,2024,0.0,0.0
2024-11-07,22795556.5,0,0,0,0,0,0,0,0,0,0,0,0,0,0,3,0,11,4,7,45,311,2024,0.0,0.0
2024-11-08,25074571.0,0,0,0,0,0,0,0,0,0,0,0,0,0,0,4,0,11,4,8,45,312,2024,0.0,0.0
2024-11-09,28045592.2,0,0,0,0,0,0,0,0,0,0,0,0,0,0,5,1,11,4,9,45,313,2024,0.0,0.0
2024-11-10,26942046.1,0,0,0,0,0,0,0,0,0,0,0,0,0,0,6,1,11,4,10,45,314,2024,0.0,0.0
2024-11-11,21285445.1,0,0,0,0,0,0,0,0,0,0,0,0,0,0,0,0,11,4,11,46,315,2024,0.0,0.0
2024-11-12,18403170.0,0,0,0,0,0,0,0,0,0,0,0,0,0,0,1,0,11,4,12,46,316,2024,0.0,0.0
2024-11-13,19410050.1,0,0,0,0,0,0,0,0,0,0,0,0,0,0,2,0,11,4,13,46,317,2024,0.0,0.0
2024-11-14,21962558.4,0,0,0,0,0,0,0,0,0,0,0,0,0,0,3,0,11,4,14,46,318,2024,0.0,0.0
2024-11-15,24638393.9,0,0,0,0,0,0,0,0,0,0,0,0,0,0,4,0,11,4,15,46,319,2024,0.0,0.0
2024-11-16,29610017.1,0,0,0,0,0,0,0,0,0,0,0,0,0,0,5,1,11,4,16,46,320,2024,0.0,0.0
2024-11-17,27298161.2,0,0,0,0,0,0,0,0,0,0,0,0,0,0,6,1,11,4,17,46,321,2024,0.0,0.0
2024-11-18,20242184.4,0,0,0,0,0,0,0,0,0,0,0,0,0,0,0,0,11,4,18,47,322,2024,0.0,0.0
2024-11-19,19071656.0,0,0,0,0,0,0,0,0,0,0,0,0,0,0,1,0,11,4,19,47,323,2024,0.0,0.0
2024-11-20,20145903.4,0,0,0,0,0,0,0,0,0,0,0,0,0,0,2,0,11,4,20,47,324,2024,0.0,0.0
2024-11-21,22470070.0,0,0,0,0,0,0,0,0,0,0,0,0,0,0,3,0,11,4,21,47,325,2024,0.0,0.0
2024-11-22,25425435.2,0,0,0,0,0,0,0,0,0,0,0,0,0,0,4,0,11,4,22,47,326,2024,0.0,0.0
2024-11-23,28428228.7,0,0,0,0,0,0,0,0,0,0,0,0,0,0,5,1,11,4,23,47,327,2024,0.0,0.0
2024-11-24,26280270.6,0,0,0,0,0,0,0,0,0,0,0,0,0,0,6,1,11,4,24,47,328,2024,0.0,0.0
2024-11-25,20971593.6,0,0,0,0,0,0,0,0,0,0,0,0,0,0,0,0,11,4,25,48,329,2024,0.0,0.0
2024-11-26,20641962.5,0,0,0,0,0,0,0,0,0,0,0,0,0,0,1,0,11,4,26,48,330,2024,0.0,0.0
2024-11-27,22870421.2,0,0,0,0,0,0,0,0,1,0,0,0,0,0,2,0,11,4,27,48,331,2024,0.0,0.0
2024-11-28,15139810.3,0,0,0,0,0,0,0,0,0,0,0,0,0,0,3,0,11,4,28,48,332,2024,0.0,0.0
2024-11-29,14492812.9,0,0,0,0,0,0,0,0,0,1,0,0,0,0,4,0,11,4,29,48,333,2024,0.0,0.0
2024-11-30,23364476.5,0,0,0,0,0,0,0,0,0,1,0,0,0,0,5,1,11,4,30,48,334,2024,0.0,0.0
2024-12-01,24815017.3,0,0,0,0,0,0,0,0,0,1,0,0,0,0,6,1,12,4,1,48,335,2024,0.0,0.0
2024-12-02,20474527.4,0,0,0,0,0,0,0,0,0,1,0,0,0,0,0,0,12,4,2,49,336,2024,0.0,0.0
2024-12-03,19910891.4,0,0,0,0,0,0,0,0,0,0,0,0,0,0,1,0,12,4,3,49,337,2024,0.0,0.0
2024-12-04,21685384.8,0,0,0,0,0,0,0,0,0,0,0,0,0,0,2,0,12,4,4,49,338,2024,0.0,0.0
2024-12-05,22860730.1,0,0,0,0,0,0,0,0,0,0,0,0,0,0,3,0,12,4,5,49,339,2024,0.0,0.0
2024-12-06,25920000.4,0,0,0,0,0,0,0,0,0,0,0,0,0,0,4,0,12,4,6,49,340,2024,0.0,0.0
2024-12-07,29483523.9,0,0,0,0,0,0,0,0,0,0,0,0,0,0,5,1,12,4,7,49,341,2024,0.0,0.0
2024-12-08,27963626.7,0,0,0,0,0,0,0,0,0,0,0,0,0,0,6,1,12,4,8,49,342,2024,0.0,0.0
2024-12-09,21058679.1,0,0,0,0,0,0,0,0,0,0,0,0,0,0,0,0,12,4,9,50,343,2024,0.0,0.0
2024-12-10,20092908.1,0,0,0,0,0,0,0,0,0,0,0,0,0,0,1,0,12,4,10,50,344,2024,0.0,0.0
2024-12-11,21243171.8,0,0,0,0,0,0,0,0,0,0,0,0,0,0,2,0,12,4,11,50,345,2024,0.0,0.0
2024-12-12,23284177.7,0,0,0,0,0,0,0,0,0,0,0,0,0,0,3,0,12,4,12,50,346,2024,0.0,0.0
2024-12-13,26016505.8,0,0,0,0,0,0,0,0,0,0,0,0,0,0,4,0,12,4,13,50,347,2024,0.0,0.0
2024-12-14,29034858.9,0,0,0,0,0,0,0,0,0,0,0,0,0,0,5,1,12,4,14,50,348,2024,0.0,0.0
2024-12-15,27806412.2,0,0,0,0,0,0,0,0,0,0,0,0,0,0,6,1,12,4,15,50,349,2024,0.0,0.0
2024-12-16,21201483.8,0,0,0,0,0,0,0,0,0,0,0,0,0,0,0,0,12,4,16,51,350,2024,0.0,0.0
2024-12-17,20098187.4,0,0,0,0,0,0,0,0,0,0,0,0,0,0,1,0,12,4,17,51,351,2024,0.0,0.0
2024-12-18,21037889.3,0,0,0,0,0,0,0,0,0,0,0,0,0,0,2,0,12,4,18,51,352,2024,0.0,0.0
2024-12-19,23135302.0,0,0,0,0,0,0,0,0,0,0,0,0,0,0,3,0,12,4,19,51,353,2024,0.0,0.0
2024-12-20,26082819.6,0,0,0,0,0,0,0,0,0,0,0,0,0,0,4,0,12,4,20,51,354,2024,0.0,0.0
2024-12-21,27928007.1,0,0,0,0,0,0,0,0,0,0,0,0,0,0,5,1,12,4,21,51,355,2024,0.0,0.0
2024-12-22,25581768.8,0,0,0,0,0,0,0,0,0,0,0,0,0,0,6,1,12,4,22,51,356,2024,0.0,0.0
2024-12-23,22535037.1,0,0,0,0,0,0,0,0,0,0,0,0,0,0,0,0,12,4,23,52,357,2024,0.0,0.0
2024-12-24,20177177.8,0,0,0,0,0,0,0,0,0,0,1,0,0,0,1,0,12,4,24,52,358,2024,0.0,0.0
2024-12-25,8974129.44,0,0,0,0,0,0,0,0,0,0,0,0,0,0,2,0,12,4,25,52,359,2024,0.0,0.0
2024-12-26,18137077.8,0,0,0,0,0,0,0,0,0,0,0,1,0,0,3,0,12,4,26,52,360,2024,0.0,0.0
2024-12-27,25930395.8,0,0,0,0,0,0,0,0,0,0,0,1,0,0,4,0,12,4,27,52,361,2024,0.0,0.0
2024-12-28,26242774.6,0,0,0,0,0,0,0,0,0,0,0,0,0,0,5,1,12,4,28,52,362,2024,0.0,0.0
2024-12-29,25509050.9,0,0,0,0,0,0,0,0,0,0,0,0,0,0,6,1,12,4,29,52,363,2024,0.0,0.0
2024-12-30,23131369.56,0,0,0,0,0,0,0,0,0,0,0,0,0,0,0,0,12,4,30,1,364,2024,23836621.2,23836621.2
2024-12-31,24016830.76,0,0,0,0,0,0,0,0,0,0,0,0,1,0,1,0,12,4,31,1,365,2024,21969391.0,22903006.1
2025-01-01,26437355.05,0,0,0,0,0,0,0,0,0,0,0,0,0,0,2,0,1,1,1,1,366,2025,20409856.2,22071956.133333333
2025-01-02,24254879.11,0,0,0,0,0,0,0,0,0,0,0,0,0,0,3,0,1,1,2,1,367,2025,21559002.7,21943717.775
2025-01-03,24874278.04,0,0,0,0,0,0,0,0,0,0,0,0,0,0,4,0,1,1,3,1,368,2025,23661857.8,22287345.78
2025-01-04,25880791.0,0,0,0,0,0,0,0,0,0,0,0,0,0,0,5,1,1,1,4,1,369,2025,25982240.7,22903161.599999998
2025-01-05,24236361.78,0,0,0,0,0,0,0,0,0,0,0,0,0,0,6,1,1,1,5,1,370,2025,24458424.3,23125341.985714287
2025-01-06,19330394.28,0,0,0,0,0,0,0,0,0,0,0,0,0,0,0,0,1,1,6,2,371,2025,19513561.4,22507762.014285717
2025-01-07,18598665.21,0,0,0,0,0,0,0,0,0,0,0,0,0,0,1,0,1,1,7,2,372,2025,19271733.4,22122382.35714286
2025-01-08,20102160.39,0,0,0,0,0,0,0,0,0,0,0,0,0,0,2,0,1,1,8,2,373,2025,19304357.7,21964454.0
2025-01-09,21962042.07,0,0,0,0,0,0,0,0,0,0,0,0,0,0,3,0,1,1,9,2,374,2025,20731301.3,21846210.942857143
2025-01-10,23149814.69,0,0,0,0,0,0,0,0,0,0,0,0,0,0,4,0,1,1,10,2,375,2025,23884887.2,21878072.285714287
2025-01-11,25756927.36,0,0,0,0,0,0,0,0,0,0,0,0,0,0,5,1,1,1,11,2,376,2025,26213816.1,21911154.485714287
2025-01-12,26327108.9,0,0,0,0,0,0,0,0,0,0,0,0,0,0,6,1,1,1,12,2,377,2025,25433591.9,22050464.14285714
2025-01-13,20012826.21,0,0,0,0,0,0,0,0,0,0,0,0,0,0,0,0,1,1,13,3,378,2025,22632823.0,22496072.942857146
2025-01-14,19523949.21,0,0,0,0,0,0,0,0,0,0,0,0,0,0,1,0,1,1,14,3,379,2025,19517836.0,22531230.45714286
2025-01-15,20629599.17,0,0,0,0,0,0,0,0,0,0,0,0,0,0,2,0,1,1,15,3,380,2025,19635945.7,22578600.17142857
2025-01-16,22531590.34,0,0,0,0,0,0,0,0,0,0,0,0,0,0,3,0,1,1,16,3,381,2025,20910997.6,22604271.07142857
2025-01-17,25242503.72,0,0,0,0,0,0,0,0,0,0,0,0,0,0,4,0,1,1,17,3,382,2025,23692715.7,22576818.0
2025-01-18,28754117.18,0,0,0,0,0,0,0,0,0,0,0,0,0,0,5,1,1,1,18,3,383,2025,27536966.0,22765839.414285716
2025-01-19,27897474.22,0,0,0,0,0,0,0,0,0,0,0,0,0,0,6,1,1,1,19,3,384,2025,27008015.0,22990757.0
2025-01-20,24945822.91,0,0,0,0,0,0,0,0,0,0,0,0,0,0,0,0,1,1,20,4,385,2025,20319184.3,22660237.185714286
2025-01-21,21301292.62,0,0,0,0,0,0,0,0,0,0,0,0,0,0,1,0,1,1,21,4,386,2025,18847870.0,22564527.75714286
2025-01-22,20712233.03,0,0,0,0,0,0,0,0,0,0,0,0,0,0,2,0,1,1,22,4,387,2025,19507258.4,22546143.85714286
2025-01-23,22744543.6,0,0,0,0,0,0,0,0,0,0,0,0,0,0,3,0,1,1,23,4,388,2025,21284596.3,22599515.099999998
2025-01-24,25522920.55,0,0,0,0,0,0,0,0,0,0,0,0,0,0,4,0,1,1,24,4,389,2025,23733400.8,22605327.25714286
2025-01-25,28875280.8,0,0,0,0,0,0,0,0,0,0,0,0,0,0,5,1,1,1,25,4,390,2025,27010174.4,22530071.314285714
2025-01-26,28197695.74,0,0,0,0,0,0,0,0,0,0,0,0,0,0,6,1,1,1,26,4,391,2025,26464629.8,22452444.85714286
2025-01-27,21370760.04,0,0,0,0,0,0,0,0,0,0,0,0,0,0,0,0,1,1,27,5,392,2025,19791258.3,22377026.85714286
2025-01-28,19849861.87,0,0,0,0,0,0,0,0,0,0,0,0,0,0,1,0,1,1,28,5,393,2025,18692907.0,22354889.285714287
2025-01-29,21116733.61,0,0,0,0,0,0,0,0,0,0,0,0,0,0,2,0,1,1,29,5,394,2025,20044903.8,22431695.771428574
2025-01-30,23535185.78,0,0,0,0,0,0,0,0,0,0,0,0,0,0,3,0,1,1,30,5,395,2025,22288687.9,22575137.42857143
2025-01-31,26980663.26,0,0,0,0,0,0,0,0,0,0,0,0,0,0,4,0,1,1,31,5,396,2025,24769342.3,22723129.07142857
2025-02-01,30573238.48,0,0,0,0,0,0,0,0,0,0,0,0,0,0,5,1,2,1,1,5,397,2025,27671366.1,22817585.028571427
2025-02-02,28675467.53,0,0,0,0,0,0,0,0,0,0,0,0,0,0,6,1,2,1,2,5,398,2025,26188572.1,22778148.214285713
2025-02-03,21463538.55,0,0,0,0,0,0,0,0,0,0,0,0,0,0,0,0,2,1,3,6,399,2025,20046727.5,22814643.814285714
2025-02-04,20292596.62,0,0,0,0,0,0,0,0,0,0,0,0,0,0,1,0,2,1,4,6,400,2025,18512585.0,22788883.528571427
2025-02-05,21287753.33,0,0,0,0,0,0,0,0,0,0,0,0,0,0,2,0,2,1,5,6,401,2025,19266276.9,22677651.114285715
2025-02-06,23694754.08,0,0,0,0,0,0,0,0,0,0,0,0,0,0,3,0,2,1,6,6,402,2025,20952911.9,22486825.971428573
2025-02-07,25651660.38,0,0,0,0,0,0,0,0,0,0,0,0,0,0,4,0,2,1,7,6,403,2025,23415206.0,22293377.92857143
2025-02-08,29267650.09,0,0,0,0,0,0,0,0,0,0,0,0,0,0,5,1,2,1,8,6,404,2025,26536745.9,22131289.32857143
2025-02-09,27893143.83,1,0,0,0,0,0,0,0,0,0,0,0,0,0,6,1,2,1,9,6,405,2025,25340945.8,22010199.85714286
2025-02-10,21655456.95,0,0,0,0,0,0,0,0,0,0,0,0,0,0,0,0,2,1,10,7,406,2025,19673121.8,21956827.614285715
2025-02-11,20112311.39,0,0,0,0,0,0,0,0,0,0,0,0,0,0,1,0,2,1,11,7,407,2025,18599981.7,21969312.85714286
2025-02-12,21555441.62,0,0,0,0,0,0,0,0,0,0,0,0,0,0,2,0,2,1,12,7,408,2025,21226776.8,22249384.271428574
2025-02-13,23627188.53,0,0,0,0,0,0,0,0,0,0,0,0,0,0,3,0,2,1,13,7,409,2025,23500739.6,22613359.657142855
2025-02-14,28558565.97,0,1,0,0,0,0,0,0,0,0,0,0,0,0,4,0,2,1,14,7,410,2025,25265261.1,22877653.24285714
2025-02-15,31918427.26,0,0,0,0,0,0,0,0,0,0,0,0,0,0,5,1,2,1,15,7,411,2025,28661268.5,23181156.471428573
2025-02-16,29001226.85,0,0,0,0,0,0,0,0,0,0,0,0,0,0,6,1,2,1,16,7,412,2025,27689846.5,23516713.714285713
2025-02-17,24748442.98,0,0,0,0,0,0,0,0,0,0,0,0,0,0,0,0,2,1,17,8,413,2025,23479418.9,24060470.442857146
2025-02-18,21046932.59,0,0,0,0,0,0,0,0,0,0,0,0,0,0,1,0,2,1,18,8,414,2025,19894298.1,24245372.785714287
2025-02-19,21745260.54,0,0,0,0,0,0,0,0,0,0,0,0,0,0,2,0,2,1,19,8,415,2025,20717297.4,24172590.014285717
2025-02-20,24936141.19,0,0,0,0,0,0,0,0,0,0,0,0,0,0,3,0,2,1,20,8,416,2025,24337463.2,24292121.957142856
2025-02-21,28328912.84,0,0,0,0,0,0,0,0,0,0,0,0,0,0,4,0,2,1,21,8,417,2025,27004030.1,24540517.528571427
2025-02-22,31920403.88,0,0,0,0,0,0,0,0,0,0,0,0,0,0,5,1,2,1,22,8,418,2025,30111612.2,24747709.485714283
2025-02-23,30352377.79,0,0,0,0,0,0,0,0,0,0,0,0,0,0,6,1,2,1,23,8,419,2025,28611611.7,24879390.228571426
2025-02-24,23392906.99,0,0,0,0,0,0,0,0,0,0,0,0,0,0,0,0,2,1,24,9,420,2025,21992839.2,24667021.699999996
2025-02-25,22746288.04,0,0,0,0,0,0,0,0,0,0,0,0,0,0,1,0,2,1,25,9,421,2025,21399667.9,24882074.528571427
2025-02-26,24315994.83,0,0,0,0,0,0,0,0,0,0,0,0,0,0,2,0,2,1,26,9,422,2025,23334620.4,25255977.814285718
2025-02-27,26764617.29,0,0,0,0,0,0,0,0,0,0,0,0,0,0,3,0,2,1,27,9,423,2025,25080652.7,25362147.74285714
2025-02-28,29038475.18,0,0,0,0,0,0,0,0,0,0,0,0,0,0,4,0,2,1,28,9,424,2025,28001639.9,25504663.42857143
2025-03-01,33246000.5,0,0,0,0,0,0,0,0,0,0,0,0,0,0,5,1,3,1,1,9,425,2025,31341034.9,25680295.242857147
2025-03-02,31864756.48,0,0,0,0,0,0,0,0,0,0,0,0,0,0,6,1,3,1,2,9,426,2025,28689471.0,25691418.0
2025-03-03,24547404.25,0,0,0,0,0,0,0,0,0,0,0,0,0,0,0,0,3,1,3,10,427,2025,22208601.4,25722241.17142857
2025-03-04,23032830.95,0,0,0,0,0,0,0,0,0,0,0,0,0,0,1,0,3,1,4,10,428,2025,22605933.6,25894564.842857145
2025-03-05,23701963.25,0,0,0,0,0,0,0,0,0,0,0,0,0,0,2,0,3,1,5,10,429,2025,22242275.6,25738515.585714284
2025-03-06,25418236.43,0,0,0,0,0,0,0,0,0,0,0,0,0,0,3,0,3,1,6,10,430,2025,23885683.1,25567805.64285714
2025-03-07,27780263.13,0,0,0,0,0,0,0,0,0,0,0,0,0,0,4,0,3,1,7,10,431,2025,26597987.5,25367283.87142857
2025-03-08,30956732.06,0,0,0,0,0,0,0,0,0,0,0,0,0,0,5,1,3,1,8,10,432,2025,29730200.9,25137164.728571426
2025-03-09,30457760.62,0,0,0,0,0,0,0,0,0,0,0,0,0,0,6,1,3,1,9,10,433,2025,28871058.9,25163105.85714286
2025-03-10,22800629.39,0,0,0,0,0,0,0,0,0,0,0,0,0,0,0,0,3,1,10,11,434,2025,22208110.5,25163035.728571434
2025-03-11,21238627.51,0,0,0,0,0,0,0,0,0,0,0,0,0,0,1,0,3,1,11,11,435,2025,20749130.4,24897778.128571425
2025-03-12,22227459.59,0,0,0,0,0,0,0,0,0,0,0,0,0,0,2,0,3,1,12,11,436,2025,21648781.0,24812993.185714282
2025-03-13,24361450.78,0,0,0,0,0,0,0,0,0,0,0,0,0,0,3,0,3,1,13,11,437,2025,23772716.5,24796855.099999998
2025-03-14,27385060.6,0,0,0,0,0,0,0,0,0,0,0,0,0,0,4,0,3,1,14,11,438,2025,26934547.1,24844935.042857144
2025-03-15,29874018.87,0,0,0,0,0,0,0,0,0,0,0,0,0,0,5,1,3,1,15,11,439,2025,28489896.9,24667748.757142853
2025-03-16,28932450.56,0,0,0,0,0,0,0,0,0,0,0,0,0,0,6,1,3,1,16,11,440,2025,28073850.1,24553861.785714287
2025-03-17,22404616.34,0,0,1,0,0,0,0,0,0,0,0,0,0,0,0,0,3,1,17,12,441,2025,22098333.4,24538179.34285714
2025-03-18,21181533.48,0,0,0,0,0,0,0,0,0,0,0,0,0,0,1,0,3,1,18,12,442,2025,20515173.5,24504756.92857143
2025-03-19,22127139.59,0,0,0,0,0,0,0,0,0,0,0,0,0,0,2,0,3,1,19,12,443,2025,21476370.6,24480126.871428575
2025-03-20,24593219.43,0,0,0,0,0,0,0,0,0,0,0,0,0,0,3,0,3,1,20,12,444,2025,23938552.0,24503817.65714286
2025-03-21,27458933.19,0,0,0,0,0,0,0,0,0,0,0,0,0,0,4,0,3,1,21,12,445,2025,27456116.0,24578327.5
2025-03-22,29557922.09,0,0,0,0,0,0,0,0,0,0,0,0,0,0,5,1,3,1,22,12,446,2025,29823633.3,24768861.271428574
2025-03-23,28622103.52,0,0,0,0,0,0,0,0,0,0,0,0,0,0,6,1,3,1,23,12,447,2025,28064615.1,24767541.985714283
2025-03-24,22189673.09,0,0,0,0,0,0,0,0,0,0,0,0,0,0,0,0,3,1,24,13,448,2025,22228207.3,24786095.400000002
2025-03-25,20781091.24,0,0,0,0,0,0,0,0,0,0,0,0,0,0,1,0,3,1,25,13,449,2025,21356726.3,24906317.228571434
2025-03-26,22176964.86,0,0,0,0,0,0,0,0,0,0,0,0,0,0,2,0,3,1,26,13,450,2025,22395464.9,25037616.414285712
2025-03-27,24300966.74,0,0,0,0,0,0,0,0,0,0,0,0,0,0,3,0,3,1,27,13,451,2025,24618706.8,25134781.385714285
2025-03-28,27198948.21,0,0,0,0,0,0,0,0,0,0,0,0,0,0,4,0,3,1,28,13,452,2025,27423287.2,25130091.557142854
2025-03-29,29896992.82,0,0,0,0,0,0,0,0,0,0,0,0,0,0,5,1,3,1,29,13,453,2025,27304212.7,24770174.32857143
2025-03-30,28981114.62,0,0,0,0,0,0,0,0,0,0,0,0,0,0,6,1,3,1,30,13,454,2025,22695650.3,24003179.35714286
2025-03-31,22685513.64,0,0,0,0,0,0,0,0,0,0,0,0,0,0,0,0,3,1,31,14,455,2025,21895649.9,23955671.157142855
2025-04-01,21611882.96,0,0,0,0,0,0,0,0,0,0,0,0,0,0,1,0,4,2,1,14,456,2025,21698593.2,24004509.285714287
2025-04-02,22665697.06,0,0,0,0,0,0,0,0,0,0,0,0,0,0,2,0,4,2,2,14,457,2025,22746213.1,24054616.171428572
2025-04-03,24264693.85,0,0,0,0,0,0,0,0,0,0,0,0,0,0,3,0,4,2,3,14,458,2025,23794234.4,23936834.400000002
2025-04-04,26920646.08,0,0,0,0,0,0,0,0,0,0,0,0,0,0,4,0,4,2,4,14,459,2025,26416232.9,23792969.5
2025-04-05,30119068.5,0,0,0,0,0,0,0,0,0,0,0,0,0,0,5,1,4,2,5,14,460,2025,28583166.9,23975677.24285714
2025-04-06,28838335.25,0,0,0,0,0,0,0,0,0,0,0,0,0,0,6,1,4,2,6,14,461,2025,27184981.8,24617010.314285714
2025-04-07,22065282.81,0,0,0,0,0,0,0,0,0,0,0,0,0,0,0,0,4,2,7,15,462,2025,21669024.0,24584635.185714286
2025-04-08,20531210.55,0,0,0,0,0,0,0,0,0,0,0,0,0,0,1,0,4,2,8,15,463,2025,20003101.1,24342422.028571427
2025-04-09,21366325.09,0,0,0,0,0,0,0,0,0,0,0,0,0,0,2,0,4,2,9,15,464,2025,21071051.2,24103113.185714282
2025-04-10,23296657.63,0,0,0,0,0,0,0,0,0,0,0,0,0,0,3,0,4,2,10,15,465,2025,22814337.2,23963127.87142857
2025-04-11,26180146.16,0,0,0,0,0,0,0,0,0,0,0,0,0,0,4,0,4,2,11,15,466,2025,25309099.1,23804965.900000002
2025-04-12,28724697.93,0,0,0,0,0,0,0,0,0,0,0,0,0,0,5,1,4,2,12,15,467,2025,27564613.5,23659458.271428574
2025-04-13,27510881.43,0,0,0,0,0,0,0,0,0,0,0,0,0,0,6,1,4,2,13,15,468,2025,26643650.5,23582125.228571426
2025-04-14,21219801.49,0,0,0,0,0,0,0,0,0,0,0,0,0,0,0,0,4,2,14,16,469,2025,20657557.2,23437629.97142857
2025-04-15,20429991.83,0,0,0,0,0,0,0,0,0,0,0,0,0,0,1,0,4,2,15,16,470,2025,19660278.3,23388655.285714287
2025-04-16,21275368.8,0,0,0,0,0,0,0,0,0,0,0,0,0,0,2,0,4,2,16,16,471,2025,20702340.1,23335982.271428574
2025-04-17,23384833.06,0,0,0,0,0,0,0,0,0,0,0,0,0,0,3,0,4,2,17,16,472,2025,22444082.9,23283088.8
2025-04-18,26367690.6,0,0,0,1,0,0,0,0,0,0,0,0,0,0,4,0,4,2,18,16,473,2025,25444603.0,23302446.5
2025-04-19,26647052.42,0,0,0,1,0,0,0,0,0,0,0,0,0,0,5,1,4,2,19,16,474,2025,28217522.0,23395719.14285714
2025-04-20,22600286.31,0,0,0,1,0,0,0,0,0,0,0,0,0,0,6,1,4,2,20,16,475,2025,27679468.1,23543693.085714284
2025-04-21,21547187.79,0,0,0,0,0,0,0,0,0,0,0,0,0,0,0,0,4,2,21,17,476,2025,20738436.0,23555247.2
2025-04-22,20282301.58,0,0,0,0,0,0,0,0,0,0,0,0,0,0,1,0,4,2,22,17,477,2025,19777278.2,23571961.471428573
2025-04-23,21438602.11,0,0,0,0,0,0,0,0,0,0,0,0,0,0,2,0,4,2,23,17,478,2025,20892038.4,23599061.228571426
2025-04-24,23667367.91,0,0,0,0,0,0,0,0,0,0,0,0,0,0,3,0,4,2,24,17,479,2025,23120489.0,23695690.67142857
2025-04-25,26965503.59,0,0,0,0,0,0,0,0,0,0,0,0,0,0,4,0,4,2,25,17,480,2025,26164833.4,23798580.728571426
2025-04-26,29449868.04,0,0,0,0,0,0,0,0,0,0,0,0,0,0,5,1,4,2,26,17,481,2025,28511629.4,23840596.07142857
2025-04-27,28104860.14,0,0,0,0,0,0,0,0,0,0,0,0,0,0,6,1,4,2,27,17,482,2025,26974668.4,23739910.400000002
2025-04-28,21336074.75,0,0,0,0,0,0,0,0,0,0,0,0,0,0,0,0,4,2,28,18,483,2025,20939042.4,23768568.457142856
2025-04-29,20493678.99,0,0,0,0,0,0,0,0,0,0,0,0,0,0,1,0,4,2,29,18,484,2025,20316571.3,23845610.328571428
2025-04-30,21829475.3,0,0,0,0,0,0,0,0,0,0,0,0,0,0,2,0,4,2,30,18,485,2025,21510894.4,23934018.32857143
2025-05-01,23850868.15,0,0,0,0,0,0,0,0,0,0,0,0,0,0,3,0,5,2,1,18,486,2025,23207448.5,23946441.114285715
2025-05-02,26487556.69,0,0,0,0,0,0,0,0,0,0,0,0,0,0,4,0,5,2,2,18,487,2025,25856789.7,23902434.87142857
2025-05-03,29128518.36,0,0,0,0,0,0,0,0,0,0,0,0,0,0,5,1,5,2,3,18,488,2025,28543839.3,23907036.285714287
2025-05-04,28088573.53,0,0,0,0,0,0,0,0,0,0,0,0,0,0,6,1,5,2,4,18,489,2025,27305280.7,23954266.61428571
2025-05-05,21174182.46,0,0,0,0,1,0,0,0,0,0,0,0,0,0,0,0,5,2,5,19,490,2025,20766826.6,23929664.35714286
2025-05-06,20253616.54,0,0,0,0,0,0,0,0,0,0,0,0,0,0,1,0,5,2,6,19,491,2025,19672706.1,23837683.614285715
2025-05-07,20820385.17,0,0,0,0,0,0,0,0,0,0,0,0,0,0,2,0,5,2,7,19,492,2025,20566361.1,23702750.285714287
2025-05-08,22703527.98,0,0,0,0,0,0,0,0,0,0,0,0,0,0,3,0,5,2,8,19,493,2025,22436679.1,23592640.37142857
2025-05-09,25551559.54,0,0,0,0,0,0,0,0,0,0,0,0,0,0,4,0,5,2,9,19,494,2025,24679135.0,23424403.985714287
2025-05-10,27696463.06,0,0,0,0,0,0,0,0,0,0,0,0,0,0,5,1,5,2,10,19,495,2025,26563989.3,23141568.271428574
