ds,IS_CGNA,BUSINESS_SEGMENT,MX_TYPE,y,TOT_SUB,AVG_SUB,AVG_ITEM_PRICE,AVG_ITEM_CT
2024-01-01,1,Classic,Enterprise,175316,3756372.29,21.4262947,7.88128944,2.718628
2024-01-02,1,Classic,Enterprise,151934,3317775.38,21.8369514,4.54018967,4.8097
2024-01-03,1,Classic,Enterprise,148870,3404227.37,22.8671147,4.5738961,4.999483
2024-01-04,1,Classic,Enterprise,152716,3455779.53,22.6287981,4.57868329,4.942206
2024-01-05,1,Classic,Enterprise,157270,3609552.42,22.9513093,4.65001098,4.935754
2024-01-06,1,Classic,Enterprise,176762,4141318.85,23.4287848,4.61400523,5.077754
2024-01-07,1,Classic,Enterprise,178098,4134807.99,23.2164763,4.56026221,5.09104
2024-01-08,1,Classic,Enterprise,143471,3311595.86,23.0819877,4.59682106,5.021294
2024-01-09,1,Classic,Enterprise,143855,3349560.31,23.2842815,4.6575362,4.99927
2024-01-10,1,Classic,Enterprise,135685,3183021.28,23.4589032,4.68960321,5.002322
2024-01-11,1,Classic,Enterprise,141383,3301999.33,23.3549955,4.68390624,4.986222
2024-01-12,1,Classic,Enterprise,155434,3714007.2,23.8944324,4.6147398,5.17785
2024-01-13,1,Classic,Enterprise,177781,4271019.01,24.0240465,4.65142663,5.164877
2024-01-14,1,Classic,Enterprise,185062,4408007.13,23.819083,4.56750912,5.214896
2024-01-15,1,Classic,Enterprise,171416,3986063.57,23.2537428,4.51020332,5.155808
2024-01-16,1,Classic,Enterprise,152575,3555841.9,23.3055343,4.51506812,5.161724
2024-01-17,1,Classic,Enterprise,148159,3437102.99,23.1987459,4.54049865,5.109295
2024-01-18,1,Classic,Enterprise,149345,3540582.68,23.7074069,4.63228786,5.117861
2024-01-19,1,Classic,Enterprise,160203,3861517.91,24.1039051,4.64959664,5.184085
2024-01-20,1,Classic,Enterprise,183756,4397126.08,23.9291565,4.69323645,5.098647
2024-01-21,1,Classic,Enterprise,190307,4482164.67,23.5522848,4.57084827,5.152716
2024-01-22,1,Classic,Enterprise,150466,3456090.96,22.9692486,4.55991387,5.037211
2024-01-23,1,Classic,Enterprise,140764,3268446.7,23.2193366,4.69398712,4.946613
2024-01-24,1,Classic,Enterprise,138463,3249261.94,23.4666441,4.75327383,4.936943
2024-01-25,1,Classic,Enterprise,144299,3293139.14,22.8216352,4.67742226,4.879105
2024-01-26,1,Classic,Enterprise,153182,3519480.05,22.9758069,4.69330339,4.895445
2024-01-27,1,Classic,Enterprise,175535,4125620.37,23.5031211,4.76938202,4.927918
2024-01-28,1,Classic,Enterprise,185407,4320802.47,23.3044193,4.62655284,5.037102
2024-01-29,1,Classic,Enterprise,143236,3215403.67,22.4482928,4.62423784,4.854485
2024-01-30,1,Classic,Enterprise,137422,3092070.56,22.5005498,4.57412977,4.919089
2024-01-31,1,Classic,Enterprise,140518,3136883.68,22.3237143,4.69582821,4.753946
2024-02-01,1,Classic,Enterprise,151450,3453490.96,22.8028456,4.67159546,4.881169
2024-02-02,1,Classic,Enterprise,159967,3697071.47,23.1114634,4.69335893,4.924291
2024-02-03,1,Classic,Enterprise,180861,4211113.53,23.2837015,4.67816777,4.977098
2024-02-04,1,Classic,Enterprise,184982,4335853.5,23.4393265,4.59109059,5.105394
2024-02-05,1,Classic,Enterprise,146504,3344389.84,22.8279763,4.55320095,5.013611
2024-02-06,1,Classic,Enterprise,136912,3141481.85,22.945263,4.61442466,4.972508
2024-02-07,1,Classic,Enterprise,136626,3136879.38,22.9596078,4.66011133,4.926837
2024-02-08,1,Classic,Enterprise,142987,3318584.37,23.2089936,4.68633276,4.952485
2024-02-09,1,Classic,Enterprise,150090,3521567.54,23.4630391,4.79593989,4.892271
2024-02-10,1,Classic,Enterprise,174675,4172106.59,23.8849669,4.76902657,5.008353
2024-02-11,1,Classic,Enterprise,188548,4564245.26,24.2073385,4.66634489,5.187645
2024-02-12,1,Classic,Enterprise,145087,3287256.31,22.6571389,4.72386351,4.796315
2024-02-13,1,Classic,Enterprise,151165,3581044.95,23.6896434,4.85168073,4.88277
2024-02-14,1,Classic,Enterprise,257487,7111482.03,27.6188003,7.12922668,3.874025
2024-02-15,1,Classic,Enterprise,169252,4000074.34,23.6338379,5.20237424,4.542895
2024-02-16,1,Classic,Enterprise,162895,3840072.37,23.5739118,4.82713448,4.883624
2024-02-17,1,Classic,Enterprise,189534,4506025.56,23.7742334,4.7897309,4.963584
2024-02-18,1,Classic,Enterprise,194018,4529727.5,23.3469446,4.66357202,5.006237
2024-02-19,1,Classic,Enterprise,168221,3841678.61,22.8370929,4.59994781,4.964642
2024-02-20,1,Classic,Enterprise,145021,3323795.36,22.9194073,4.67849598,4.898884
2024-02-21,1,Classic,Enterprise,145356,3346613.94,23.0235693,4.69953482,4.899117
2024-02-22,1,Classic,Enterprise,159910,3753298.87,23.4713206,4.78422221,4.905985
2024-02-23,1,Classic,Enterprise,170073,3974620.03,23.3700824,4.83801746,4.830508
2024-02-24,1,Classic,Enterprise,192608,4530721.03,23.5230158,4.80307457,4.897491
2024-02-25,1,Classic,Enterprise,196023,4594757.3,23.4398887,4.69451576,4.993037
2024-02-26,1,Classic,Enterprise,156970,3613848.25,23.0225409,4.65428595,4.946525
2024-02-27,1,Classic,Enterprise,149430,3478303.42,23.2771426,4.6921607,4.960858
2024-02-28,1,Classic,Enterprise,156140,3621289.42,23.1925799,4.71005671,4.924055
2024-02-29,1,Classic,Enterprise,161492,3732505.33,23.112633,4.74919373,4.866644
2024-03-01,1,Classic,Enterprise,175835,4137136.08,23.528513,4.77003919,4.932562
2024-03-02,1,Classic,Enterprise,202090,4785924.28,23.682143,4.79861181,4.935207
2024-03-03,1,Classic,Enterprise,199201,4711910.79,23.6540519,4.6491106,5.087866
2024-03-04,1,Classic,Enterprise,160654,3703985.24,23.0556677,4.64572475,4.962771
2024-03-05,1,Classic,Enterprise,158384,3663321.81,23.1293679,4.66991796,4.952842
2024-03-06,1,Classic,Enterprise,155596,3605147.72,23.1699254,4.7044079,4.925152
2024-03-07,1,Classic,Enterprise,160374,3721213.97,23.2033495,4.75346746,4.881352
2024-03-08,1,Classic,Enterprise,164706,3889047.03,23.6120544,4.90992936,4.809042
2024-03-09,1,Classic,Enterprise,188031,4537627.63,24.1323379,4.82890218,4.997479
2024-03-10,1,Classic,Enterprise,195178,4690486.91,24.0318423,4.68468727,5.129871
2024-03-11,1,Classic,Enterprise,156000,3678878.94,23.5825573,4.65885514,5.061878
2024-03-12,1,Classic,Enterprise,147731,3444879.19,23.3185939,4.73465641,4.925087
2024-03-13,1,Classic,Enterprise,148856,3488727.76,23.4369307,4.74000332,4.944497
2024-03-14,1,Classic,Enterprise,158180,3737410.83,23.6275814,4.79331604,4.929277
2024-03-15,1,Classic,Enterprise,168043,4001915.09,23.8148277,4.8282451,4.932398
2024-03-16,1,Classic,Enterprise,181027,4349817.6,24.0285571,4.87696373,4.92695
2024-03-17,1,Classic,Enterprise,186327,4519718.01,24.256914,4.70693641,5.15344
2024-03-18,1,Classic,Enterprise,153079,3622535.32,23.6644825,4.68782474,5.048073
2024-03-19,1,Classic,Enterprise,147752,3473796.56,23.5109952,4.67623402,5.027763
2024-03-20,1,Classic,Enterprise,149615,3510707.72,23.4649448,4.70286525,4.9895
2024-03-21,1,Classic,Enterprise,158746,3745200.2,23.5924067,4.76123305,4.955104
2024-03-22,1,Classic,Enterprise,169213,4020059.11,23.7573893,4.83817518,4.910403
2024-03-23,1,Classic,Enterprise,193421,4711152.6,24.3569861,4.81358079,5.060056
2024-03-24,1,Classic,Enterprise,191911,4645629.51,24.2072081,4.62690904,5.231831
2024-03-25,1,Classic,Enterprise,157260,3681175.43,23.4082121,4.6165944,5.07045
2024-03-26,1,Classic,Enterprise,153658,3583971.27,23.3243389,4.63915075,5.027717
2024-03-27,1,Classic,Enterprise,155789,3643898.17,23.389958,4.68601072,4.991444
2024-03-28,1,Classic,Enterprise,163875,3851939.17,23.5053496,4.74663765,4.952
2024-03-29,1,Classic,Enterprise,177500,4257246.53,23.9844875,4.77849424,5.019256
2024-03-30,1,Classic,Enterprise,188641,4632102.02,24.555118,4.73397237,5.187001
2024-03-31,1,Classic,Enterprise,179815,4234741.96,23.550549,4.63057256,5.085883
2024-04-01,1,Classic,Enterprise,158677,3741006.04,23.5762337,4.68199299,5.035512
2024-04-02,1,Classic,Enterprise,155765,3687485.1,23.6733868,4.64590806,5.095535
2024-04-03,1,Classic,Enterprise,157499,3735569.36,23.7180513,4.69095802,5.056121
2024-04-04,1,Classic,Enterprise,157613,3735628.09,23.7012689,4.73129028,5.009473
2024-04-05,1,Classic,Enterprise,164519,3931305.09,23.8957512,4.80344791,4.974708
2024-04-06,1,Classic,Enterprise,182540,4387816.9,24.0375638,4.82537729,4.981489
2024-04-07,1,Classic,Enterprise,185402,4474753.42,24.1354107,4.66374225,5.175117
2024-04-08,1,Classic,Enterprise,152260,3529588.23,23.1813229,4.64136747,4.994503
2024-04-09,1,Classic,Enterprise,141302,3311922.6,23.4386109,4.71842995,4.96746
2024-04-10,1,Classic,Enterprise,144643,3378025.2,23.3542252,4.7556185,4.91087
2024-04-11,1,Classic,Enterprise,152338,3578988.03,23.4937312,4.81312017,4.881185
2024-04-12,1,Classic,Enterprise,159981,3817629.65,23.863019,4.92265175,4.847594
2024-04-13,1,Classic,Enterprise,180055,4361952.44,24.2256668,4.92786891,4.916053
2024-04-14,1,Classic,Enterprise,183130,4468848.9,24.4026042,4.75429183,5.132753
2024-04-15,1,Classic,Enterprise,147702,3497210.34,23.6774745,4.69621511,5.041821
2024-04-16,1,Classic,Enterprise,140612,3322991.92,23.6323494,4.72777445,4.99862
2024-04-17,1,Classic,Enterprise,143598,3357830.44,23.383546,4.74867445,4.924226
2024-04-18,1,Classic,Enterprise,150189,3538901.07,23.5629844,4.82884489,4.879632
2024-04-19,1,Classic,Enterprise,158828,3795237.02,23.8952642,4.90736333,4.869267
2024-04-20,1,Classic,Enterprise,182045,4394240.26,24.138209,4.9094859,4.916647
2024-04-21,1,Classic,Enterprise,189028,4572738.0,24.1907971,4.66969964,5.180375
2024-04-22,1,Classic,Enterprise,149245,3512696.23,23.5364416,4.67958301,5.029602
2024-04-23,1,Classic,Enterprise,142469,3324283.43,23.3333808,4.69835491,4.966287
2024-04-24,1,Classic,Enterprise,144671,3395803.71,23.4725944,4.7725913,4.918208
2024-04-25,1,Classic,Enterprise,153173,3614261.22,23.595942,4.80940257,4.906211
2024-04-26,1,Classic,Enterprise,163419,3882502.69,23.7579638,4.89530756,4.853212
2024-04-27,1,Classic,Enterprise,184680,4419426.42,23.9301842,4.86305362,4.920814
2024-04-28,1,Classic,Enterprise,187756,4487125.66,23.8987072,4.71254062,5.0713
2024-04-29,1,Classic,Enterprise,152722,3553160.19,23.2655426,4.66917157,4.982799
2024-04-30,1,Classic,Enterprise,147260,3439992.66,23.3599936,4.70652904,4.963317
2024-05-01,1,Classic,Enterprise,150525,3589412.48,23.8459557,4.73868599,5.032187
2024-05-02,1,Classic,Enterprise,155768,3703132.16,23.773382,4.78339494,4.969981
2024-05-03,1,Classic,Enterprise,163011,3979242.92,24.4108859,4.89759003,4.984265
2024-05-04,1,Classic,Enterprise,184889,4530969.51,24.5064309,4.87847289,5.023382
2024-05-05,1,Classic,Enterprise,189154,4654089.61,24.6047644,4.67819636,5.259455
2024-05-06,1,Classic,Enterprise,151712,3611075.81,23.8021766,4.67638419,5.089868
2024-05-07,1,Classic,Enterprise,143543,3433985.76,23.9230458,4.75311225,5.033133
2024-05-08,1,Classic,Enterprise,145746,3498536.9,24.0043425,4.80817911,4.992398
2024-05-09,1,Classic,Enterprise,154415,3708021.94,24.0133532,4.88354492,4.917197
2024-05-10,1,Classic,Enterprise,167897,4235971.03,25.2295814,5.3548308,4.711555
2024-05-11,1,Classic,Enterprise,192064,4967728.45,25.864964,5.5388998,4.669693
2024-05-12,1,Classic,Enterprise,250117,6832942.26,27.3189838,6.86935672,3.976935
2024-05-13,1,Classic,Enterprise,148946,3557860.92,23.8869182,4.87505761,4.899823
2024-05-14,1,Classic,Enterprise,144706,3476475.01,24.0244013,4.75600098,5.051387
2024-05-15,1,Classic,Enterprise,145287,3501509.33,24.1006376,4.80148169,5.019417
2024-05-16,1,Classic,Enterprise,151371,3639902.44,24.0462337,4.83644979,4.971877
2024-05-17,1,Classic,Enterprise,157591,3833618.87,24.326382,4.91796025,4.946437
2024-05-18,1,Classic,Enterprise,179070,4387617.98,24.5022504,4.94482009,4.955135
2024-05-19,1,Classic,Enterprise,177941,4397973.13,24.7159066,4.7784786,5.172338
2024-05-20,1,Classic,Enterprise,147814,3539606.02,23.9463516,4.72417367,5.068897
2024-05-21,1,Classic,Enterprise,142468,3415102.14,23.971012,4.77068851,5.024644
2024-05-22,1,Classic,Enterprise,145028,3444025.58,23.7473149,4.7838406,4.964069
2024-05-23,1,Classic,Enterprise,155031,3696332.26,23.8425364,4.83160477,4.934703
2024-05-24,1,Classic,Enterprise,169764,4162144.9,24.517241,4.92157317,4.981586
2024-05-25,1,Classic,Enterprise,179769,4458006.01,24.7985248,4.95851339,5.001202
2024-05-26,1,Classic,Enterprise,178226,4350906.07,24.4122971,4.87383438,5.008848
2024-05-27,1,Classic,Enterprise,170784,4094950.16,23.9773642,4.89906272,4.894276
2024-05-28,1,Classic,Enterprise,145510,3422821.57,23.5229302,4.74203084,4.960518
2024-05-29,1,Classic,Enterprise,146206,3436716.36,23.5059872,4.71445023,4.985944
2024-05-30,1,Classic,Enterprise,154620,3651928.39,23.6187323,4.77793471,4.943293
2024-05-31,1,Classic,Enterprise,165908,4005014.29,24.1399709,4.88675017,4.939882
2024-06-01,1,Classic,Enterprise,178281,4440468.36,24.9071318,4.87477685,5.109389
2024-06-02,1,Classic,Enterprise,183346,4546583.5,24.7978331,4.71662246,5.25754
2024-06-03,1,Classic,Enterprise,157232,3791617.62,24.1147961,4.65016903,5.185789
2024-06-04,1,Classic,Enterprise,150768,3594047.72,23.8382662,4.7066289,5.064828
2024-06-05,1,Classic,Enterprise,152126,3647348.75,23.9758408,4.74532733,5.052516
2024-06-06,1,Classic,Enterprise,159997,3825624.62,23.9106022,4.76327538,5.019782
2024-06-07,1,Classic,Enterprise,166625,4046206.19,24.283308,4.85224689,5.004549
2024-06-08,1,Classic,Enterprise,176786,4409911.14,24.9449116,4.87833901,5.113403
2024-06-09,1,Classic,Enterprise,176714,4457165.47,25.2224808,4.69794452,5.368833
2024-06-10,1,Classic,Enterprise,152198,3668921.47,24.1062397,4.68229695,5.148379
2024-06-11,1,Classic,Enterprise,146867,3524684.97,23.9991623,4.70963975,5.095753
2024-06-12,1,Classic,Enterprise,148398,3549060.65,23.9158253,4.74829471,5.036719
2024-06-13,1,Classic,Enterprise,159374,3822572.67,23.9849202,4.79526901,5.001788
2024-06-14,1,Classic,Enterprise,168509,4138766.77,24.5611022,4.88920613,5.023536
2024-06-15,1,Classic,Enterprise,178876,4543173.31,25.3984509,4.94263725,5.138644
2024-06-16,1,Classic,Enterprise,180158,4523523.16,25.1086444,4.93207128,5.090892
2024-06-17,1,Classic,Enterprise,155731,3753222.3,24.1006755,4.72471903,5.100975
2024-06-18,1,Classic,Enterprise,155356,3722757.18,23.9627512,4.71219578,5.085262
2024-06-19,1,Classic,Enterprise,161641,3907644.98,24.1748379,4.76853188,5.069661
2024-06-20,1,Classic,Enterprise,157350,3748799.34,23.8245907,4.81090222,4.952208
2024-06-21,1,Classic,Enterprise,170572,4170178.86,24.4482029,4.86133419,5.029114
2024-06-22,1,Classic,Enterprise,184358,4573394.42,24.8071384,4.89860287,5.064125
2024-06-23,1,Classic,Enterprise,182847,4604426.33,25.1818533,4.6612139,5.402424
2024-06-24,1,Classic,Enterprise,159137,3803832.93,23.902882,4.63729373,5.15449
2024-06-25,1,Classic,Enterprise,154771,3694217.78,23.8689275,4.66751038,5.113846
2024-06-26,1,Classic,Enterprise,156249,3710091.19,23.7447356,4.71489105,5.036115
2024-06-27,1,Classic,Enterprise,163911,3881516.96,23.6806374,4.73876413,4.997218
2024-06-28,1,Classic,Enterprise,172492,4166295.81,24.1535596,4.8599122,4.969958
2024-06-29,1,Classic,Enterprise,184394,4561150.9,24.7358965,4.87077121,5.078435
2024-06-30,1,Classic,Enterprise,183671,4496364.6,24.4805364,4.74486755,5.159372
2024-07-01,1,Classic,Enterprise,159711,3843162.92,24.0632325,4.65088714,5.173902
2024-07-02,1,Classic,Enterprise,155573,3743362.86,24.0617772,4.66396407,5.159083
2024-07-03,1,Classic,Enterprise,163876,4097364.82,25.0028364,4.75029253,5.263431
2024-07-04,1,Classic,Enterprise,185272,4795970.13,25.8861033,4.90969838,5.272443
2024-07-05,1,Classic,Enterprise,165658,4032695.51,24.3434999,4.87846528,4.989991
2024-07-06,1,Classic,Enterprise,174050,4314616.84,24.7895251,4.84629407,5.115151
2024-07-07,1,Classic,Enterprise,175671,4394673.11,25.0164974,4.70125613,5.321237
2024-07-08,1,Classic,Enterprise,155638,3783023.06,24.3065515,4.6110304,5.271393
2024-07-09,1,Classic,Enterprise,150312,3649231.37,24.2777115,4.62284976,5.251677
2024-07-10,1,Classic,Enterprise,150919,3675303.88,24.3528242,4.6473948,5.240102
2024-07-11,1,Classic,Enterprise,158886,3849399.42,24.2274299,4.66214681,5.196625
2024-07-12,1,Classic,Enterprise,166072,4026350.79,24.2446095,4.74039117,5.114474
2024-07-13,1,Classic,Enterprise,178689,4421877.8,24.7462228,4.77499849,5.182457
2024-07-14,1,Classic,Enterprise,178726,4448130.59,24.8879883,4.67017892,5.32913
2024-07-15,1,Classic,Enterprise,158064,3821382.57,24.1761728,4.58177923,5.27659
2024-07-16,1,Classic,Enterprise,152136,3617220.39,23.7762291,4.65370825,5.109093
2024-07-17,1,Classic,Enterprise,155773,3728505.54,23.9355058,4.67343714,5.121606
2024-07-18,1,Classic,Enterprise,163852,3925000.27,23.954546,4.72004458,5.075068
2024-07-19,1,Classic,Enterprise,173511,4189022.69,24.1426923,4.77861816,5.052233
2024-07-20,1,Classic,Enterprise,183248,4516692.61,24.6479777,4.84929093,5.0828
2024-07-21,1,Classic,Enterprise,182494,4501947.07,24.6690142,4.68658444,5.263751
2024-07-22,1,Classic,Enterprise,161098,3819858.16,23.7113941,4.65407845,5.094756
2024-07-23,1,Classic,Enterprise,156932,3719080.97,23.6986782,4.6588386,5.086821
2024-07-24,1,Classic,Enterprise,157288,3699437.21,23.5201491,4.70869996,4.995041
2024-07-25,1,Classic,Enterprise,164941,3925488.63,23.7993503,4.76023946,4.999612
2024-07-26,1,Classic,Enterprise,170444,4136504.42,24.268994,4.83457329,5.019883
2024-07-27,1,Classic,Enterprise,178832,4453124.59,24.9011619,4.8489122,5.135412
2024-07-28,1,Classic,Enterprise,177540,4402461.76,24.7970134,4.72389443,5.249273
2024-07-29,1,Classic,Enterprise,157267,3770952.95,23.9780307,4.64407076,5.163149
2024-07-30,1,Classic,Enterprise,157645,3788002.9,24.0286904,4.6780195,5.136509
2024-07-31,1,Classic,Enterprise,161607,3857995.6,23.8727011,4.72183097,5.055814
2024-08-01,1,Classic,Enterprise,180513,4446994.16,24.6353125,4.81074935,5.120889
2024-08-02,1,Classic,Enterprise,184180,4563755.24,24.7787775,4.79510465,5.167515
2024-08-03,1,Classic,Enterprise,190031,4787810.15,25.19489,4.78958709,5.260347
2024-08-04,1,Classic,Enterprise,189705,4784730.26,25.2219512,4.62410727,5.454448
2024-08-05,1,Classic,Enterprise,163955,4063679.54,24.7853346,4.55170416,5.445287
2024-08-06,1,Classic,Enterprise,157159,3882200.96,24.7023776,4.58184395,5.391362
2024-08-07,1,Classic,Enterprise,156853,3885652.06,24.7725709,4.65116943,5.326095
2024-08-08,1,Classic,Enterprise,165558,4181539.06,25.2572456,4.73592663,5.333116
2024-08-09,1,Classic,Enterprise,170005,4256300.19,25.0363236,4.7520481,5.268533
2024-08-10,1,Classic,Enterprise,180861,4612876.13,25.5050903,4.84697025,5.262069
2024-08-11,1,Classic,Enterprise,180109,4589515.31,25.4818766,4.6717379,5.454475
2024-08-12,1,Classic,Enterprise,154034,3786779.91,24.5840523,4.60766827,5.335465
2024-08-13,1,Classic,Enterprise,149166,3700544.68,24.8082316,4.64974911,5.335391
2024-08-14,1,Classic,Enterprise,152033,3746218.96,24.6408277,4.67738302,5.26808
2024-08-15,1,Classic,Enterprise,162292,4026447.46,24.8098949,4.74176109,5.232211
2024-08-16,1,Classic,Enterprise,170170,4238545.45,24.9077126,4.82629669,5.160833
2024-08-17,1,Classic,Enterprise,188100,4730561.16,25.1491821,4.85155407,5.183737
2024-08-18,1,Classic,Enterprise,190089,4786211.98,25.1787951,4.66169349,5.401212
2024-08-19,1,Classic,Enterprise,157562,3869517.88,24.5586999,4.63682418,5.296448
2024-08-20,1,Classic,Enterprise,151906,3679188.06,24.2201629,4.69587866,5.157749
2024-08-21,1,Classic,Enterprise,150752,3717468.88,24.6594996,4.76314007,5.177152
2024-08-22,1,Classic,Enterprise,160308,3941454.53,24.5867613,4.78938089,5.133599
2024-08-23,1,Classic,Enterprise,168958,4191256.07,24.8064967,4.87746689,5.085939
2024-08-24,1,Classic,Enterprise,188326,4688931.53,24.8979511,4.88064319,5.101367
2024-08-25,1,Classic,Enterprise,190591,4740249.92,24.8713209,4.6799072,5.31449
2024-08-26,1,Classic,Enterprise,158637,3873804.14,24.4192978,4.64553979,5.256504
2024-08-27,1,Classic,Enterprise,153503,3702877.23,24.1225072,4.67446472,5.160485
2024-08-28,1,Classic,Enterprise,157107,3815938.98,24.2887903,4.72730705,5.137976
2024-08-29,1,Classic,Enterprise,165951,4035080.77,24.3148928,4.765048,5.102759
2024-08-30,1,Classic,Enterprise,182171,4551380.73,24.9841123,4.85800333,5.142877
2024-08-31,1,Classic,Enterprise,202726,5066821.63,24.9934475,4.84242372,5.161351
2024-09-01,1,Classic,Enterprise,195391,4854516.71,24.8451398,4.74273055,5.238573
2024-09-02,1,Classic,Enterprise,187923,4682100.94,24.9149968,4.64821545,5.360121
2024-09-03,1,Classic,Enterprise,153539,3822575.31,24.8964453,4.6989941,5.29825
2024-09-04,1,Classic,Enterprise,152984,3827750.29,25.0205923,4.69109466,5.333636
2024-09-05,1,Classic,Enterprise,160919,4088166.33,25.4051189,4.73398619,5.366538
2024-09-06,1,Classic,Enterprise,170778,4319041.71,25.290387,4.88795024,5.174027
2024-09-07,1,Classic,Enterprise,191969,4947297.47,25.7713353,4.87294606,5.288656
2024-09-08,1,Classic,Enterprise,198297,5098599.26,25.7119334,4.66688872,5.509438
2024-09-09,1,Classic,Enterprise,156154,3955802.11,25.3326979,4.64363606,5.455358
2024-09-10,1,Classic,Enterprise,151079,3840484.59,25.4203734,4.69596783,5.413234
2024-09-11,1,Classic,Enterprise,152552,3845576.68,25.2083006,4.73626434,5.322402
2024-09-12,1,Classic,Enterprise,161298,4053415.62,25.1299807,4.79626044,5.239495
2024-09-13,1,Classic,Enterprise,172171,4372254.73,25.3948384,4.92952801,5.151576
2024-09-14,1,Classic,Enterprise,194545,4984271.98,25.6201495,4.91808925,5.209371
2024-09-15,1,Classic,Enterprise,200850,5172679.88,25.7539451,4.75386442,5.417476
2024-09-16,1,Classic,Enterprise,157154,3943720.5,25.0946237,4.71590235,5.321277
2024-09-17,1,Classic,Enterprise,150467,3755448.4,24.9586182,4.75332902,5.250766
2024-09-18,1,Classic,Enterprise,150158,3714964.43,24.7403697,4.81840275,5.134558
2024-09-19,1,Classic,Enterprise,159488,3951604.01,24.7768109,4.79727772,5.164765
2024-09-20,1,Classic,Enterprise,170480,4269851.36,25.0460544,4.96449895,5.045032
2024-09-21,1,Classic,Enterprise,195140,4934796.18,25.2884912,4.96742721,5.090863
2024-09-22,1,Classic,Enterprise,200923,5093801.3,25.352007,4.74352075,5.344555
2024-09-23,1,Classic,Enterprise,157854,3898347.45,24.6959054,4.70346267,5.25058
2024-09-24,1,Classic,Enterprise,154221,3823880.68,24.7948119,4.74071624,5.230183
2024-09-25,1,Classic,Enterprise,157068,3910106.22,24.8943529,4.73439806,5.258188
2024-09-26,1,Classic,Enterprise,164234,4087611.76,24.8889497,4.77997151,5.206924
2024-09-27,1,Classic,Enterprise,160374,3954128.78,24.6556722,4.94019088,4.990834
2024-09-28,1,Classic,Enterprise,186438,4722945.1,25.3325239,4.92214428,5.146644
2024-09-29,1,Classic,Enterprise,198476,5006499.41,25.2247093,4.74034335,5.321283
2024-09-30,1,Classic,Enterprise,157393,3842472.48,24.4132362,4.68007483,5.21642
2024-10-01,1,Classic,Enterprise,158222,4020137.87,25.4082104,4.68839879,5.419379
2024-10-02,1,Classic,Enterprise,158291,3975706.53,25.1164408,4.72121465,5.319911
2024-10-03,1,Classic,Enterprise,167791,4247508.13,25.3142787,4.76155088,5.316394
2024-10-04,1,Classic,Enterprise,173887,4408265.34,25.3513221,4.87481432,5.200469
2024-10-05,1,Classic,Enterprise,193269,4956163.86,25.6438635,4.84825148,5.289301
2024-10-06,1,Classic,Enterprise,200483,5173884.8,25.8070999,4.63582333,5.566886
2024-10-07,1,Classic,Enterprise,162870,4188832.28,25.7188695,4.57186296,5.625468
2024-10-08,1,Classic,Enterprise,152567,3904268.72,25.5905191,4.6184578,5.540923
2024-10-09,1,Classic,Enterprise,149538,3808426.58,25.4679518,4.69329589,5.426453
2024-10-10,1,Classic,Enterprise,154142,3934753.82,25.5268118,4.76459355,5.357605
2024-10-11,1,Classic,Enterprise,165409,4269298.99,25.8105604,4.90004223,5.267416
2024-10-12,1,Classic,Enterprise,187905,4886053.39,26.0027854,4.89434441,5.312823
2024-10-13,1,Classic,Enterprise,194682,5061646.02,25.9995584,4.6918051,5.541483
2024-10-14,1,Classic,Enterprise,167724,4225803.88,25.1949863,4.6220221,5.451074
2024-10-15,1,Classic,Enterprise,151358,3834606.46,25.3346798,4.70200393,5.38806
2024-10-16,1,Classic,Enterprise,153293,3875357.97,25.2807236,4.77082809,5.299022
2024-10-17,1,Classic,Enterprise,161582,4103200.39,25.3939201,4.79896937,5.291536
2024-10-18,1,Classic,Enterprise,171350,4354655.42,25.4138046,4.91825276,5.167242
2024-10-19,1,Classic,Enterprise,194069,4966231.79,25.5900313,4.948595,5.171171
2024-10-20,1,Classic,Enterprise,199398,5113977.5,25.6470852,4.71310875,5.441649
2024-10-21,1,Classic,Enterprise,158801,3999512.12,25.185686,4.68941952,5.370747
2024-10-22,1,Classic,Enterprise,149766,3700240.52,24.7068128,4.76002115,5.190484
2024-10-23,1,Classic,Enterprise,155429,3859792.21,24.8331535,4.80564982,5.167491
2024-10-24,1,Classic,Enterprise,166014,4104283.48,24.7225142,4.83254855,5.115834
2024-10-25,1,Classic,Enterprise,175038,4372371.06,24.9795534,4.99594492,4.999966
2024-10-26,1,Classic,Enterprise,200284,5044167.73,25.1850758,5.00765193,5.029318
2024-10-27,1,Classic,Enterprise,199974,5078801.91,25.3973112,4.70143206,5.402037
2024-10-28,1,Classic,Enterprise,160983,3989432.49,24.7817005,4.66682711,5.310182
2024-10-29,1,Classic,Enterprise,159611,3938954.97,24.6784681,4.74983778,5.195644
2024-10-30,1,Classic,Enterprise,167550,4108699.69,24.5222303,4.86804108,5.037392
2024-10-31,1,Classic,Enterprise,190017,4636922.44,24.4026716,5.04488734,4.837109
2024-11-01,1,Classic,Enterprise,178261,4542918.58,25.4846466,4.97303106,5.12457
2024-11-02,1,Classic,Enterprise,201297,5213429.27,25.8991901,4.87792555,5.309468
2024-11-03,1,Classic,Enterprise,199748,5220149.62,26.1336765,4.67446225,5.590734
2024-11-04,1,Classic,Enterprise,159310,4087375.89,25.656744,4.64574311,5.522635
2024-11-05,1,Classic,Enterprise,158185,4024300.99,25.4404715,4.71949153,5.390511
2024-11-06,1,Classic,Enterprise,159660,4038661.14,25.2953848,4.83108463,5.235964
2024-11-07,1,Classic,Enterprise,165949,4172056.51,25.1405945,4.81890819,5.217073
2024-11-08,1,Classic,Enterprise,178658,4689318.88,26.247461,4.89092271,5.366566
2024-11-09,1,Classic,Enterprise,202672,5297619.54,26.1388822,4.84658207,5.393261
2024-11-10,1,Classic,Enterprise,209178,5425562.52,25.9375389,4.67693087,5.545846
2024-11-11,1,Classic,Enterprise,173330,4357827.9,25.1417983,4.67687998,5.375763
2024-11-12,1,Classic,Enterprise,152763,3822925.89,25.0252083,4.72633681,5.294842
2024-11-13,1,Classic,Enterprise,157590,3969870.89,25.1911345,4.73879202,5.31594
2024-11-14,1,Classic,Enterprise,168351,4267873.01,25.3510404,4.79863031,5.282974
2024-11-15,1,Classic,Enterprise,177518,4511446.18,25.414021,4.89146932,5.19558
2024-11-16,1,Classic,Enterprise,207471,5304323.48,25.5665779,4.91760773,5.198987
2024-11-17,1,Classic,Enterprise,209864,5420299.83,25.8276781,4.74771065,5.440028
2024-11-18,1,Classic,Enterprise,164861,4083707.81,24.7706117,4.70372998,5.266164
2024-11-19,1,Classic,Enterprise,158671,3931286.83,24.7763412,4.76832881,5.196022
2024-11-20,1,Classic,Enterprise,161431,4008445.65,24.8307057,4.8450033,5.125013
2024-11-21,1,Classic,Enterprise,172628,4312870.91,24.9836116,4.84222813,5.159528
2024-11-22,1,Classic,Enterprise,184925,4712329.82,25.4823838,4.97144134,5.125754
2024-11-23,1,Classic,Enterprise,210096,5422305.95,25.8087063,4.91749107,5.248348
2024-11-24,1,Classic,Enterprise,208123,5279769.75,25.3685068,4.76597823,5.322833
2024-11-25,1,Classic,Enterprise,169716,4173676.08,24.5921191,4.74098737,5.18713
2024-11-26,1,Classic,Enterprise,168525,4342015.97,25.7648181,4.82142469,5.343818
2024-11-27,1,Classic,Enterprise,201295,5455782.88,27.1034198,4.73723031,5.721364
2024-11-28,1,Classic,Enterprise,224628,5366469.86,23.8904761,4.557349,5.242187
2024-11-29,1,Classic,Enterprise,171397,4200702.31,24.5086105,5.15077262,4.75824
2024-11-30,1,Classic,Enterprise,199655,5040928.47,25.2481955,5.06806797,4.981819
2024-12-01,1,Classic,Enterprise,206678,5307353.1,25.6793326,4.84240035,5.303017
2024-12-02,1,Classic,Enterprise,171854,4377982.57,25.4750112,4.79825711,5.309222
2024-12-03,1,Classic,Enterprise,170299,4412313.21,25.9092139,4.82780893,5.366661
2024-12-04,1,Classic,Enterprise,182644,4673149.9,25.5861123,4.81494026,5.3139
2024-12-05,1,Classic,Enterprise,182690,4691378.86,25.6794508,4.79846623,5.351596
2024-12-06,1,Classic,Enterprise,189547,4878550.05,25.7379439,4.88675002,5.266884
2024-12-07,1,Classic,Enterprise,215285,5669002.24,26.3325463,4.87167891,5.40523
2024-12-08,1,Classic,Enterprise,217657,5744623.83,26.3930121,4.73398443,5.575222
2024-12-09,1,Classic,Enterprise,171820,4416091.87,25.70185,4.6470356,5.530805
2024-12-10,1,Classic,Enterprise,165603,4228787.55,25.5356941,4.75583916,5.369335
2024-12-11,1,Classic,Enterprise,169804,4349021.11,25.6120063,4.81202981,5.322495
2024-12-12,1,Classic,Enterprise,181333,4650572.62,25.6465873,4.86264217,5.274208
2024-12-13,1,Classic,Enterprise,191820,5015911.8,26.1490554,4.99507733,5.234965
2024-12-14,1,Classic,Enterprise,217847,5749106.97,26.3905721,4.93521585,5.3474
2024-12-15,1,Classic,Enterprise,221079,5803361.47,26.2501706,4.7552439,5.520257
2024-12-16,1,Classic,Enterprise,177249,4510891.29,25.4494597,4.76494883,5.340972
2024-12-17,1,Classic,Enterprise,169092,4318468.87,25.5391673,4.87308984,5.240857
2024-12-18,1,Classic,Enterprise,171634,4366930.96,25.4432744,4.9859006,5.103045
2024-12-19,1,Classic,Enterprise,183954,4663841.73,25.3533042,4.99652003,5.074192
2024-12-20,1,Classic,Enterprise,197297,5138173.0,26.0428339,5.10228354,5.104153
2024-12-21,1,Classic,Enterprise,216842,5769358.55,26.6062781,5.07755222,5.239981
2024-12-22,1,Classic,Enterprise,216182,5729341.42,26.5023981,4.94647303,5.357837
2024-12-23,1,Classic,Enterprise,196225,5288845.79,26.9529662,5.00708225,5.382969
2024-12-24,1,Classic,Enterprise,235036,6937552.08,29.5169765,5.13746614,5.745435
2024-12-25,1,Classic,Enterprise,172261,3747475.76,21.7546384,5.02532561,4.329001
2024-12-26,1,Classic,Enterprise,199439,4790182.26,24.0182826,4.85233583,4.949839
2024-12-27,1,Classic,Enterprise,212669,5357242.82,25.1905206,4.84372557,5.20065
2024-12-28,1,Classic,Enterprise,216812,5451439.07,25.1436224,4.87778257,5.154724
2024-12-29,1,Classic,Enterprise,214283,5390456.58,25.1557827,4.78960963,5.252157
2024-12-30,1,Classic,Enterprise,191515,4703104.72,24.55737002,7.583879125,3.238101
2024-12-31,1,Classic,Enterprise,221102,5807101.22,26.2643541,4.961896698,5.293209
2025-01-01,1,Classic,Enterprise,230411,5591800.14,24.26880722,4.980268046,4.872992
2025-01-02,1,Classic,Enterprise,199359,4934798.26,24.75332571,4.654350378,5.31832
2025-01-03,1,Classic,Enterprise,208936,5444721.18,26.05927739,4.667470633,5.583169
2025-01-04,1,Classic,Enterprise,226940,6115268.37,26.9466307,4.630853054,5.818935
2025-01-05,1,Classic,Enterprise,228604,6184810.59,27.05469104,4.543168467,5.955027
2025-01-06,1,Classic,Enterprise,183415,4733797.13,25.80921479,4.545168108,5.678385
2025-01-07,1,Classic,Enterprise,178009,4693098.51,26.36438894,4.633905007,5.689454
2025-01-08,1,Classic,Enterprise,187104,4937330.57,26.3881615,4.63166391,5.697339
2025-01-09,1,Classic,Enterprise,200119,5391795.66,26.94294725,4.596950705,5.861048
2025-01-10,1,Classic,Enterprise,203071,5521382.31,27.18941804,4.628785776,5.873985
2025-01-11,1,Classic,Enterprise,214854,5784692.69,26.92383055,4.763275043,5.652378
2025-01-12,1,Classic,Enterprise,228020,6018978.0,26.39671081,4.63301592,5.697522
2025-01-13,1,Classic,Enterprise,179971,4616722.36,25.65259047,4.62524669,5.54621
2025-01-14,1,Classic,Enterprise,176262,4542497.7,25.77128196,4.737231057,5.440157
2025-01-15,1,Classic,Enterprise,179493,4645441.31,25.88090516,4.782325822,5.411782
2025-01-16,1,Classic,Enterprise,190204,4895350.84,25.73737061,4.811108333,5.349572
2025-01-17,1,Classic,Enterprise,199225,5203410.3,26.11825976,4.882855706,5.348972
2025-01-18,1,Classic,Enterprise,231333,6214810.62,26.8652143,4.833058521,5.558636
2025-01-19,1,Classic,Enterprise,242868,6455169.57,26.57892176,4.680884849,5.678183
2025-01-20,1,Classic,Enterprise,229872,5901767.72,25.67414787,4.598233031,5.583481
2025-01-21,1,Classic,Enterprise,203786,5221635.22,25.62313024,4.639325625,5.523029
2025-01-22,1,Classic,Enterprise,188950,4872628.2,25.78792379,4.742060311,5.438126
2025-01-23,1,Classic,Enterprise,191945,4933948.22,25.70501039,4.757850652,5.402652
2025-01-24,1,Classic,Enterprise,202422,5221556.81,25.79540173,4.829239085,5.341504
2025-01-25,1,Classic,Enterprise,234743,6109039.66,26.02437415,4.852950486,5.362588
2025-01-26,1,Classic,Enterprise,243910,6345448.66,26.01553302,4.706908066,5.527096
2025-01-27,1,Classic,Enterprise,192700,4815874.96,24.991567,4.664773613,5.357509
2025-01-28,1,Classic,Enterprise,184308,4589343.49,24.90040308,4.756205446,5.235351
2025-01-29,1,Classic,Enterprise,188482,4693467.03,24.90140719,4.799168721,5.188692
2025-01-30,1,Classic,Enterprise,200762,5046299.89,25.13573231,4.839660889,5.193697
2025-01-31,1,Classic,Enterprise,216260,5547340.39,25.65125492,4.888131821,5.24766
2025-02-01,1,Classic,Enterprise,248260,6545510.88,26.36554773,4.862061115,5.42271
2025-02-02,1,Classic,Enterprise,249499,6598520.35,26.44708135,4.731692562,5.589349
2025-02-03,1,Classic,Enterprise,200310,5193913.35,25.92937622,4.672100465,5.549833
2025-02-04,1,Classic,Enterprise,190901,4954259.1,25.95198087,4.771597573,5.438845
2025-02-05,1,Classic,Enterprise,192964,5055845.82,26.20097956,4.76325345,5.500648
2025-02-06,1,Classic,Enterprise,206023,5445695.07,26.43246176,4.78590537,5.52298
2025-02-07,1,Classic,Enterprise,212857,5640225.56,26.49772176,4.87048025,5.440474
2025-02-08,1,Classic,Enterprise,241178,6598719.85,27.36037221,4.825840993,5.669555
2025-02-09,1,Classic,Enterprise,255270,6974939.59,27.32377322,4.699118775,5.814659
2025-02-10,1,Classic,Enterprise,194283,4926706.48,25.35840233,4.734495434,5.356094
2025-02-11,1,Classic,Enterprise,193598,5130123.15,26.49884374,4.714883371,5.620254
2025-02-12,1,Classic,Enterprise,204393,5372359.13,26.28445754,4.758612344,5.523555
2025-02-13,1,Classic,Enterprise,225451,6018259.09,26.69431091,4.983153468,5.356911
2025-02-14,1,Classic,Enterprise,355450,10495935.43,29.5285847,6.756332446,4.370505
2025-02-15,1,Classic,Enterprise,273840,7429337.15,27.13021162,5.240796326,5.176735
2025-02-16,1,Classic,Enterprise,254489,6753326.08,26.53680937,4.764748686,5.569404
2025-02-17,1,Classic,Enterprise,223956,5833565.12,26.04781796,4.675556111,5.571063
2025-02-18,1,Classic,Enterprise,200705,5294635.34,26.38018654,4.680410968,5.636297
2025-02-19,1,Classic,Enterprise,205145,5435157.64,26.49422428,4.684184497,5.656102
2025-02-20,1,Classic,Enterprise,212137,5626859.15,26.52464752,4.842241678,5.477762
2025-02-21,1,Classic,Enterprise,221542,5860817.52,26.45465654,4.963589208,5.329743
2025-02-22,1,Classic,Enterprise,250472,6648227.53,26.54279732,4.959968375,5.351405
2025-02-23,1,Classic,Enterprise,252550,6732772.42,26.65916618,4.823521368,5.52691
2025-02-24,1,Classic,Enterprise,201868,5261026.5,26.06171607,4.787373355,5.443844
2025-02-25,1,Classic,Enterprise,197082,5075161.68,25.75152312,4.859111026,5.299637
2025-02-26,1,Classic,Enterprise,199467,5172980.33,25.9340158,4.924181153,5.266666
2025-02-27,1,Classic,Enterprise,212556,5558764.91,26.15200187,4.953505928,5.279493
2025-02-28,1,Classic,Enterprise,219849,5753229.4,26.16900418,5.057375052,5.174424
2025-03-01,1,Classic,Enterprise,251700,6781342.78,26.9421644,4.975646013,5.414807
2025-03-02,1,Classic,Enterprise,261033,7125834.61,27.29859677,4.797831035,5.689779
2025-03-03,1,Classic,Enterprise,211053,5562876.41,26.35772252,4.701651413,5.606056
2025-03-04,1,Classic,Enterprise,201233,5287766.71,26.27683685,4.746120459,5.536488
2025-03-05,1,Classic,Enterprise,201758,5321586.96,26.37608898,4.792970269,5.503078
2025-03-06,1,Classic,Enterprise,206877,5433938.49,26.26651822,4.843315534,5.423251
2025-03-07,1,Classic,Enterprise,212748,5680215.31,26.69926537,4.972956468,5.368892
2025-03-08,1,Classic,Enterprise,243055,6547622.56,26.93885154,4.994288853,5.393931
2025-03-09,1,Classic,Enterprise,249884,6803309.05,27.225869,4.800071296,5.671972
2025-03-10,1,Classic,Enterprise,199917,5249811.08,26.25995328,4.772750776,5.502058
2025-03-11,1,Classic,Enterprise,189715,4979764.35,26.24865904,4.831514169,5.432802
2025-03-12,1,Classic,Enterprise,193734,5025623.24,25.94084281,4.872660676,5.323753
2025-03-13,1,Classic,Enterprise,202995,5275271.4,25.9871987,4.905700456,5.297347
2025-03-14,1,Classic,Enterprise,214204,5663354.11,26.43906794,5.015186404,5.271802
2025-03-15,1,Classic,Enterprise,239572,6441984.51,26.88955517,4.985670235,5.393368
2025-03-16,1,Classic,Enterprise,243233,6567511.27,27.00090559,4.741118599,5.69505
2025-03-17,1,Classic,Enterprise,201278,5228323.3,25.97563221,4.738418238,5.481921
2025-03-18,1,Classic,Enterprise,187935,4815865.37,25.62516492,4.834206349,5.300801
2025-03-19,1,Classic,Enterprise,190103,4881859.4,25.68007554,4.874182562,5.268591
2025-03-20,1,Classic,Enterprise,200008,5145870.86,25.72832517,4.896362043,5.25458
2025-03-21,1,Classic,Enterprise,212200,5528530.5,26.05339538,5.032799727,5.17672
2025-03-22,1,Classic,Enterprise,234463,6181526.04,26.36461207,4.985435348,5.288327
2025-03-23,1,Classic,Enterprise,240804,6389789.8,26.53523114,4.758255398,5.576672
2025-03-24,1,Classic,Enterprise,200662,5163508.3,25.73236736,4.734001786,5.435648
2025-03-25,1,Classic,Enterprise,189702,4792374.23,25.26264473,4.813674741,5.2481
2025-03-26,1,Classic,Enterprise,192347,4898125.88,25.46504952,4.881193021,5.216972
2025-03-27,1,Classic,Enterprise,201165,5081069.59,25.25821883,4.917846272,5.136033
2025-03-28,1,Classic,Enterprise,212378,5450200.25,25.66273461,5.022994562,5.109051
2025-03-29,1,Classic,Enterprise,238030,6200916.15,26.0509858,5.015449468,5.194148
2025-03-30,1,Classic,Enterprise,245020,6423410.88,26.21586352,4.796149348,5.466023
2025-03-31,1,Classic,Enterprise,201166,5117786.11,25.44061178,4.785804428,5.315849
2025-04-01,1,Classic,Enterprise,193935,5050376.15,26.04159203,4.806366534,5.418145
2025-04-02,1,Classic,Enterprise,192824,4995188.2,25.90542775,4.842987628,5.349059
2025-04-03,1,Classic,Enterprise,197802,5177572.22,26.17553018,4.892741286,5.34987
2025-04-04,1,Classic,Enterprise,207248,5446523.77,26.28022355,5.012293728,5.243153
2025-04-05,1,Classic,Enterprise,233810,6250989.67,26.73533925,4.978729988,5.369911
2025-04-06,1,Classic,Enterprise,236719,6344151.2,26.8003464,4.755860311,5.635226
2025-04-07,1,Classic,Enterprise,192385,5048560.84,26.2419671,4.732820206,5.544679
2025-04-08,1,Classic,Enterprise,182341,4794951.93,26.29661969,4.824992332,5.450085
2025-04-09,1,Classic,Enterprise,183481,4754762.59,25.91419597,4.842212956,5.351726
2025-04-10,1,Classic,Enterprise,194158,5065623.27,26.09021143,4.904353417,5.319807
2025-04-11,1,Classic,Enterprise,205891,5434307.69,26.39410023,4.992414137,5.286841
2025-04-12,1,Classic,Enterprise,231563,6143919.18,26.53238721,4.983852705,5.32367
2025-04-13,1,Classic,Enterprise,230594,6142080.21,26.63590644,4.801947813,5.546896
2025-04-14,1,Classic,Enterprise,189658,4900598.57,25.83913449,4.79193193,5.392217
2025-04-15,1,Classic,Enterprise,183211,4762751.4,25.99599042,4.829617454,5.382619
2025-04-16,1,Classic,Enterprise,184228,4722559.79,25.63432155,4.859520516,5.275072
2025-04-17,1,Classic,Enterprise,194444,5047617.28,25.95923392,4.917797268,5.27863
2025-04-18,1,Classic,Enterprise,211021,5558065.36,26.33892058,4.971596008,5.29788
2025-04-19,1,Classic,Enterprise,226257,6067114.14,26.81514446,4.906032795,5.465749
2025-04-20,1,Classic,Enterprise,222006,5624129.42,25.33323162,4.824232995,5.251245
2025-04-21,1,Classic,Enterprise,190755,4919228.31,25.78820115,4.875770567,5.289051
2025-04-22,1,Classic,Enterprise,179354,4639507.07,25.86787621,4.892761287,5.286969
2025-04-23,1,Classic,Enterprise,182201,4600499.44,25.24958392,4.832492928,5.22496
2025-04-24,1,Classic,Enterprise,190282,4835357.33,25.41153304,4.953503338,5.130012
2025-04-25,1,Classic,Enterprise,204857,5306964.1,25.90570056,5.129350094,5.050484
2025-04-26,1,Classic,Enterprise,231259,6038070.51,26.10955902,5.078917029,5.140773
2025-04-27,1,Classic,Enterprise,229501,6013914.87,26.20430791,4.893077239,5.355384
2025-04-28,1,Classic,Enterprise,186252,4731035.59,25.4012606,4.894233817,5.190038
2025-04-29,1,Classic,Enterprise,180225,4618431.26,25.62591905,4.963023938,5.163368
2025-04-30,1,Classic,Enterprise,183055,4659288.01,25.45294043,4.980159699,5.110868
2025-05-01,1,Classic,Enterprise,198128,5176958.74,26.12936455,5.034448603,5.190114
2025-05-02,1,Classic,Enterprise,209536,5573289.87,26.59824503,5.12243845,5.192497
2025-05-03,1,Classic,Enterprise,235099,6251298.95,26.59007035,5.092504617,5.221413
2025-05-04,1,Classic,Enterprise,236749,6341804.97,26.78704016,4.847414839,5.526047
2025-05-05,1,Classic,Enterprise,192761,5126267.87,26.59390577,4.831639335,5.504116
2025-05-06,1,Classic,Enterprise,184452,4851044.02,26.29976373,4.95798275,5.304529
2025-05-07,1,Classic,Enterprise,184931,4858164.17,26.27014492,4.99303606,5.261357
2025-05-08,1,Classic,Enterprise,193301,5080480.39,26.28274241,5.085143467,5.168535
2025-05-09,1,Classic,Enterprise,212233,5773829.05,27.2051427,5.341063998,5.093581
2025-05-10,1,Classic,Enterprise,262753,7518939.71,28.61599947,5.964259931,4.797913
2025-05-11,1,Classic,Enterprise,347181,10439083.77,30.06813095,7.276483791,4.132234
2025-05-12,1,Classic,Enterprise,194083,5088582.37,26.2185888,4.961696895,5.284198
2025-05-13,1,Classic,Enterprise,184747,4825664.41,26.12039389,4.89316563,5.338138
2025-05-14,1,Classic,Enterprise,184294,4802879.9,26.06096726,4.952234335,5.262466
2025-05-15,1,Classic,Enterprise,194555,5090895.22,26.16686911,5.041418737,5.190378
2025-05-16,1,Classic,Enterprise,204149,5416579.21,26.53247976,5.202086768,5.100353
2025-05-17,1,Classic,Enterprise,227847,6062679.45,26.60855508,5.108838809,5.208337
2025-05-18,1,Classic,Enterprise,228137,6092847.98,26.70696985,4.893059905,5.458133
2025-05-19,1,Classic,Enterprise,188388,4908941.02,26.05760993,4.895688392,5.322563
2025-05-20,1,Classic,Enterprise,182928,4699859.07,25.69239848,4.951107996,5.189222
2025-05-21,1,Classic,Enterprise,189167,4770363.3,25.21773512,4.89993724,5.146542
2025-05-22,1,Classic,Enterprise,199741,5181720.44,25.94219735,5.068301978,5.118518
2025-05-23,1,Classic,Enterprise,212686,5659345.96,26.60892565,5.106510073,5.210785
2025-05-24,1,Classic,Enterprise,231242,6235110.79,26.96357405,5.144633661,5.241107
2025-05-25,1,Classic,Enterprise,227383,5962130.26,26.22065088,5.007651797,5.236117
2025-05-26,1,Classic,Enterprise,223426,5833314.19,26.1084842,4.908730295,5.318786
2025-05-27,1,Classic,Enterprise,188032,4728851.03,25.14918221,4.892080177,5.140795
2025-05-28,1,Classic,Enterprise,191845,4831261.6,25.18315098,4.887086792,5.152999
2025-05-29,1,Classic,Enterprise,201748,5139409.9,25.47440322,4.96286108,5.133008
2025-05-30,1,Classic,Enterprise,218662,5659184.05,25.8809672,5.07030376,5.104421
2025-05-31,1,Classic,Enterprise,233395,6157851.35,26.38381863,5.114473237,5.158658
2025-06-01,1,Classic,Enterprise,231981,6250928.0,26.94586195,4.915480442,5.481837
2025-06-02,1,Classic,Enterprise,197327,5155319.26,26.12576718,4.933806165,5.295256
2025-06-03,1,Classic,Enterprise,194372,5106216.72,26.27033071,4.917152217,5.34259
2025-06-04,1,Classic,Enterprise,195340,5057022.84,25.88831187,4.954751808,5.224946
2025-06-05,1,Classic,Enterprise,205533,5376238.87,26.15754584,5.000845409,5.230625
2025-06-06,1,Classic,Enterprise,215017,5707352.36,26.54372612,5.132524962,5.17167
2025-06-07,1,Classic,Enterprise,232359,6284345.41,27.04584462,5.103804749,5.299153
2025-06-08,1,Classic,Enterprise,231945,6301630.9,27.168643,4.933594485,5.506866
2025-06-09,1,Classic,Enterprise,197669,5219463.35,26.40506782,4.852159712,5.441921
2025-06-10,1,Classic,Enterprise,190119,4993527.15,26.26527149,4.949987064,5.306129
2025-06-11,1,Classic,Enterprise,191168,4987078.87,26.08741458,4.962479857,5.256931
2025-06-12,1,Classic,Enterprise,204003,5360101.03,26.27461866,5.039166588,5.21408
2025-06-13,1,Classic,Enterprise,215187,5740810.72,26.67824134,5.106551492,5.224317
2025-06-14,1,Classic,Enterprise,234392,6418620.37,27.38412732,5.154400548,5.312767
2025-06-15,1,Classic,Enterprise,239156,6582227.04,27.52273428,5.131512528,5.363474
2025-06-16,1,Classic,Enterprise,200380,5257795.22,26.23912177,4.942558819,5.308813
2025-06-17,1,Classic,Enterprise,195092,5045303.18,25.86114848,4.882850736,5.296322
2025-06-18,1,Classic,Enterprise,203772,5269004.01,25.85735042,4.936834067,5.237638
2025-06-19,1,Classic,Enterprise,215198,5662747.73,26.31412806,4.997491638,5.265467
2025-06-20,1,Classic,Enterprise,214769,5607484.27,26.10937458,5.113392494,5.106077
2025-06-21,1,Classic,Enterprise,230776,6125209.88,26.54179759,5.139111942,5.164666
2025-06-22,1,Classic,Enterprise,232337,6248486.68,26.89406629,4.968513212,5.4129
2025-06-23,1,Classic,Enterprise,207570,5419218.14,26.10790644,4.961717973,5.261868
2025-06-24,1,Classic,Enterprise,199161,5133247.18,25.77435934,5.004823411,5.149904
2025-06-25,1,Classic,Enterprise,202118,5191915.51,25.68754643,5.002201997,5.135248
2025-06-26,1,Classic,Enterprise,208871,5326487.91,25.50132814,4.991334755,5.10912
2025-06-27,1,Classic,Enterprise,213373,5540788.66,25.96761849,5.11025009,5.081477
2025-06-28,1,Classic,Enterprise,229139,6082401.51,26.54459306,5.133872382,5.170482
2025-06-29,1,Classic,Enterprise,230215,6118322.32,26.57655809,4.97054011,5.346815
2025-06-30,1,Classic,Enterprise,201678,5182426.7,25.69653953,4.905733518,5.238063
2025-07-01,1,Classic,Enterprise,200949,5319845.8,26.47361171,4.936488014,5.362843
2025-07-02,1,Classic,Enterprise,206123,5414233.91,26.26700519,4.938025541,5.319334
2025-07-03,1,Classic,Enterprise,220391,6077834.62,27.57750825,4.985857122,5.531147
2025-07-04,1,Classic,Enterprise,242925,6678357.51,27.49143773,5.096768945,5.393895
2025-07-05,1,Classic,Enterprise,212012,5599979.93,26.41350457,5.108300864,5.170703
2025-07-06,1,Classic,Enterprise,218682,5842315.14,26.71603122,4.880483996,5.474054
2025-07-07,1,Classic,Enterprise,198855,5318706.91,26.74665917,4.825896057,5.54232
2025-07-08,1,Classic,Enterprise,191753,5062290.21,26.40005742,4.896703291,5.391394
2025-07-09,1,Classic,Enterprise,186557,4964408.84,26.61068113,4.892195147,5.439415
2025-07-10,1,Classic,Enterprise,201230,5328671.76,26.4805037,4.968639195,5.329528
2025-07-11,1,Classic,Enterprise,210532,5606508.25,26.63019517,5.038661209,5.285173
2025-07-12,1,Classic,Enterprise,226015,6073504.71,26.8721311,5.101174869,5.267832
2025-07-13,1,Classic,Enterprise,225199,6138389.72,27.25762423,4.90903485,5.552542
2025-07-14,1,Classic,Enterprise,198084,5158184.45,26.04038918,4.808442393,5.415556
2025-07-15,1,Classic,Enterprise,192053,4989308.32,25.9788096,4.873818321,5.330279
2025-07-16,1,Classic,Enterprise,194708,5052625.56,25.94975841,4.921765655,5.272449
2025-07-17,1,Classic,Enterprise,203178,5294513.01,26.05849556,4.982784998,5.229705
2025-07-18,1,Classic,Enterprise,212197,5561921.88,26.211124,5.053788696,5.186431
2025-07-19,1,Classic,Enterprise,229545,6147592.75,26.78164521,5.124552676,5.226143
2025-07-20,1,Classic,Enterprise,230420,6171710.03,26.78461084,4.924371622,5.439194
2025-07-21,1,Classic,Enterprise,199447,5160568.04,25.87438287,4.866578059,5.316751
2025-07-22,1,Classic,Enterprise,191909,4915835.05,25.61544821,4.967351452,5.156762
2025-07-23,1,Classic,Enterprise,193993,4984608.28,25.69478424,5.018078866,5.120442
2025-07-24,1,Classic,Enterprise,203819,5227495.37,25.64773338,5.03269485,5.096223
2025-07-25,1,Classic,Enterprise,217230,5615076.86,25.84853317,5.113796917,5.054666
2025-07-26,1,Classic,Enterprise,231949,6085347.8,26.23571475,5.160686888,5.083764
2025-07-27,1,Classic,Enterprise,230950,6090629.42,26.37206937,4.949799607,5.327906
2025-07-28,1,Classic,Enterprise,203891,5256789.93,25.78235395,4.886482512,5.27626
2025-07-29,1,Classic,Enterprise,200191,5089396.7,25.42270482,4.9488975,5.137044
2025-07-30,1,Classic,Enterprise,201605,5115222.8,25.37249969,4.968160287,5.107021
2025-07-31,1,Classic,Enterprise,214554,5465461.19,25.47359262,5.009744749,5.084808
2025-08-01,1,Classic,Enterprise,233006,6216012.08,26.67747646,5.194546138,5.13567
2025-08-02,1,Classic,Enterprise,239198,6462733.24,27.01834146,5.142806291,5.253618
2025-08-03,1,Classic,Enterprise,236161,6367233.12,26.96140819,4.951219112,5.445408
2025-08-04,1,Classic,Enterprise,203625,5381788.79,26.42990198,4.915472646,5.376879
2025-08-05,1,Classic,Enterprise,194261,5109404.85,26.30175305,4.990564537,5.270296
2025-08-06,1,Classic,Enterprise,195971,5079270.97,25.91848268,4.985141528,5.199147
2025-08-07,1,Classic,Enterprise,204466,5466035.19,26.73322308,5.083908306,5.2584
2025-08-08,1,Classic,Enterprise,215628,5915169.35,27.43228778,5.210023878,5.26529
2025-08-09,1,Classic,Enterprise,232116,6354437.92,27.37613056,5.125195626,5.34148
2025-08-10,1,Classic,Enterprise,231989,6343242.77,27.34286009,4.932782635,5.54309
2025-08-11,1,Classic,Enterprise,197549,5300425.99,26.83094316,4.909224609,5.465414
2025-08-12,1,Classic,Enterprise,191294,5103024.49,26.67634369,4.997218385,5.338239
2025-08-13,1,Classic,Enterprise,190509,5097414.96,26.75681968,5.036224828,5.312872
2025-08-14,1,Classic,Enterprise,199376,5313400.3,26.65014997,5.02770118,5.300663
2025-08-15,1,Classic,Enterprise,206954,5614182.49,27.12768292,5.152323095,5.265136
2025-08-16,1,Classic,Enterprise,224513,6170123.1,27.48225314,5.183182881,5.302196
2025-08-17,1,Classic,Enterprise,224838,6221063.82,27.66909428,4.92597168,5.616982
2025-08-18,1,Classic,Enterprise,187929,5026231.58,26.74537501,4.951854722,5.401082
2025-08-19,1,Classic,Enterprise,182123,4847237.73,26.61518715,5.003636393,5.319169
2025-08-20,1,Classic,Enterprise,185299,4892589.88,26.4037576,5.03782016,5.241108
2025-08-21,1,Classic,Enterprise,194453,5159025.63,26.53096445,5.077916077,5.224774
2025-08-22,1,Classic,Enterprise,203860,5444503.11,26.70706912,5.222134192,5.114206
2025-08-23,1,Classic,Enterprise,230163,6229196.36,27.0642821,5.227230385,5.177557
2025-08-24,1,Classic,Enterprise,231555,6279581.21,27.11917778,5.004112898,5.419378
2025-08-25,1,Classic,Enterprise,186977,4984791.6,26.6599186,4.97560663,5.358124
2025-08-26,1,Classic,Enterprise,181740,4746505.15,26.11700864,5.031814038,5.190376
2025-08-27,1,Classic,Enterprise,182068,4764938.69,26.17120356,5.101751203,5.129847
2025-08-28,1,Classic,Enterprise,195228,5112200.99,26.18579809,5.147046495,5.087539
2025-08-29,1,Classic,Enterprise,214625,5832471.87,27.1751747,5.229312507,5.196701
2025-08-30,1,Classic,Enterprise,241730,6547754.98,27.08705986,5.232523556,5.176672
2025-08-31,1,Classic,Enterprise,236620,6245824.01,26.39601052,5.099718397,5.175974
2025-09-01,1,Classic,Enterprise,226993,6098952.2,26.86845938,5.005849807,5.367412
2025-09-02,1,Classic,Enterprise,182060,4822167.94,26.48669636,5.017634926,5.278721
2025-09-03,1,Classic,Enterprise,182681,4932487.82,27.00055189,5.006514138,5.393084
2025-09-04,1,Classic,Enterprise,189738,5091313.66,26.83338952,5.052490324,5.310923
2025-09-05,1,Classic,Enterprise,200272,5413574.59,27.03111064,5.16522046,5.233293
2025-09-06,1,Classic,Enterprise,232196,6351207.73,27.352787,5.133209942,5.328593
2025-09-07,1,Classic,Enterprise,238302,6626456.82,27.80697107,4.890016759,5.686478
2025-09-08,1,Classic,Enterprise,183733,4982374.61,27.11747269,4.922108316,5.509321
2025-09-09,1,Classic,Enterprise,176770,4819250.32,27.26282921,5.062929097,5.384794
2025-09-10,1,Classic,Enterprise,176688,4805725.13,27.19893332,5.102794518,5.330204
2025-09-11,1,Classic,Enterprise,185762,5042823.7,27.14669147,5.115437333,5.306817
2025-09-12,1,Classic,Enterprise,199323,5490756.46,27.54702899,5.271089093,5.22606
2025-09-13,1,Classic,Enterprise,232474,6470942.76,27.83512462,5.255711818,5.296166
2025-09-14,1,Classic,Enterprise,240267,6718217.87,27.96146733,5.011074929,5.579934
2025-09-15,1,Classic,Enterprise,188429,5164653.61,27.40901671,5.006474062,5.474715
2025-09-16,1,Classic,Enterprise,181245,4913614.95,27.1103476,5.111772824,5.303512
2025-09-17,1,Classic,Enterprise,190351,5134779.66,26.97532275,5.110397951,5.278517
2025-09-18,1,Classic,Enterprise,209234,5564334.47,26.59383499,5.122578655,5.191494
2025-09-19,1,Classic,Enterprise,204267,5584390.69,27.33868266,5.288569279,5.169391
2025-09-20,1,Classic,Enterprise,234142,6404240.81,27.35195228,5.242369267,5.217479
2025-09-21,1,Classic,Enterprise,243161,6681652.81,27.47830783,4.978899168,5.518952
2025-09-22,1,Classic,Enterprise,191656,5160903.83,26.92795336,5.021184354,5.362869
2025-09-23,1,Classic,Enterprise,184265,4946635.48,26.84522552,5.124650463,5.23845
2025-09-24,1,Classic,Enterprise,182472,4873727.22,26.70945252,5.165757842,5.170481
2025-09-25,1,Classic,Enterprise,197802,5302502.71,26.80712384,5.203577498,5.151672
2025-09-26,1,Classic,Enterprise,207754,5572043.98,26.82039325,5.291227931,5.068841
2025-09-27,1,Classic,Enterprise,239591,6462661.13,26.97372243,5.236511108,5.151087
2025-09-28,1,Classic,Enterprise,244252,6653405.12,27.23992074,5.004238354,5.44337
2025-09-29,1,Classic,Enterprise,192308,5084033.79,26.43693341,5.016635295,5.269854
2025-09-30,1,Classic,Enterprise,185666,4906754.56,26.42785734,5.08448792,5.197742
2025-10-01,1,Classic,Enterprise,190401,5134292.64,26.96568106,5.105208268,5.281994
2025-10-02,1,Classic,Enterprise,200085,5382537.5,26.90125447,5.115853189,5.25841
2025-10-03,1,Classic,Enterprise,210343,5786112.69,27.50798786,5.247660719,5.241952
2025-10-04,1,Classic,Enterprise,238184,6551275.59,27.50510358,5.200696353,5.288735
2025-10-05,1,Classic,Enterprise,243019,6751066.74,27.77999556,4.982763646,5.575218
2025-10-06,1,Classic,Enterprise,191423,5268165.87,27.52107046,5.01983465,5.482466
2025-10-07,1,Classic,Enterprise,186514,5059997.13,27.12931539,5.013571458,5.411176
2025-10-08,1,Classic,Enterprise,184725,5037212.31,27.26870922,5.113256663,5.332944
2025-10-09,1,Classic,Enterprise,195884,5353517.06,27.33003747,5.162046434,5.294419
2025-10-10,1,Classic,Enterprise,213366,5900075.97,27.65237184,5.233393919,5.283832
2025-10-11,1,Classic,Enterprise,240631,6763545.55,28.10754038,5.22637872,5.378014
2025-10-12,1,Classic,Enterprise,247043,6860927.84,27.77220095,4.974823142,5.58255
2025-10-13,1,Classic,Enterprise,206493,5614145.83,27.18806851,4.961184494,5.480157
2025-10-14,1,Classic,Enterprise,185701,4989802.53,26.87008971,5.052841784,5.317817
2025-10-15,1,Classic,Enterprise,187834,5075553.06,27.02148205,5.068963408,5.330771
2025-10-16,1,Classic,Enterprise,196979,5337152.96,27.09503531,5.178851021,5.231862
2025-10-17,1,Classic,Enterprise,206339,5685288.22,27.55314419,5.330185905,5.169265
2025-10-18,1,Classic,Enterprise,234516,6451506.22,27.5098766,5.288726756,5.201607
2025-10-19,1,Classic,Enterprise,243550,6777098.62,27.82631336,4.984139254,5.582973
2025-10-20,1,Classic,Enterprise,194159,5316956.21,27.38454674,5.037262225,5.436395
2025-10-21,1,Classic,Enterprise,187052,5048792.04,26.99138229,5.140927747,5.250294
2025-10-22,1,Classic,Enterprise,188169,5077792.64,26.98527728,5.180110176,5.209402
2025-10-23,1,Classic,Enterprise,196705,5276874.92,26.82633853,5.257878206,5.102122
2025-10-24,1,Classic,Enterprise,210027,5691321.23,27.09804563,5.372911735,5.043456
2025-10-25,1,Classic,Enterprise,244600,6653432.94,27.20127939,5.365455377,5.069706
2025-10-26,1,Classic,Enterprise,247557,6774835.03,27.36676818,5.046349356,5.423082
2025-10-27,1,Classic,Enterprise,198126,5355449.6,27.03052401,5.100131897,5.299966
2025-10-28,1,Classic,Enterprise,192011,5156022.1,26.85274333,5.207840109,5.156215
2025-10-29,1,Classic,Enterprise,196790,5236701.91,26.61060984,5.287119885,5.033101
2025-10-30,1,Classic,Enterprise,217646,5855459.41,26.90359304,5.46989729,4.918482
2025-10-31,1,Classic,Enterprise,254557,6891657.51,27.07314083,5.651966485,4.790039
2025-11-01,1,Classic,Enterprise,240726,6559623.38,27.24933485,5.351509424,5.091897
2025-11-02,1,Classic,Enterprise,238454,6580891.86,27.5981609,5.052504267,5.462274
2025-11-03,1,Classic,Enterprise,192735,5184745.89,26.90090482,5.017148059,5.361792
2025-11-04,1,Classic,Enterprise,186179,4938576.47,26.52595873,5.134632129,5.166087
2025-11-05,1,Classic,Enterprise,185012,4935845.11,26.67851334,5.185201448,5.145126
2025-11-06,1,Classic,Enterprise,196708,5256531.61,26.72251057,5.217121474,5.122079
2025-11-07,1,Classic,Enterprise,210424,5809516.97,27.6086234,5.24791644,5.260873
2025-11-08,1,Classic,Enterprise,244695,6864217.55,28.05213654,5.157614491,5.438975
2025-11-09,1,Classic,Enterprise,256757,7245606.79,28.21970497,4.968645494,5.679557
2025-11-10,1,Classic,Enterprise,206130,5644880.17,27.3850491,4.931016859,5.553631
2025-11-11,1,Classic,Enterprise,207059,5692422.59,27.49179021,4.979175602,5.521354
2025-11-12,1,Classic,Enterprise,189038,5085371.91,26.90132095,5.057982932,5.318587
2025-11-13,1,Classic,Enterprise,201233,5455252.95,27.10913692,5.067606399,5.349495
2025-11-14,1,Classic,Enterprise,213517,5963117.79,27.92807032,5.143851429,5.429408
2025-11-15,1,Classic,Enterprise,251439,7042682.02,28.00950537,5.15518746,5.433266
2025-11-16,1,Classic,Enterprise,259138,7240317.91,27.94000845,4.936007143,5.660447
2025-11-17,1,Classic,Enterprise,201993,5503057.01,27.24380058,4.898124001,5.562089
2025-11-18,1,Classic,Enterprise,194232,5260269.74,27.08240527,4.991521245,5.425682
2025-11-19,1,Classic,Enterprise,82591,1969605.74,23.84770423,5.030664436,4.740468
